[{"model": "auth.permission", "pk": 1, "fields": {"name": "Can add log entry", "content_type": 1, "codename": "add_logentry"}}, {"model": "auth.permission", "pk": 2, "fields": {"name": "Can change log entry", "content_type": 1, "codename": "change_logentry"}}, {"model": "auth.permission", "pk": 3, "fields": {"name": "Can delete log entry", "content_type": 1, "codename": "delete_logentry"}}, {"model": "auth.permission", "pk": 4, "fields": {"name": "Can view log entry", "content_type": 1, "codename": "view_logentry"}}, {"model": "auth.permission", "pk": 5, "fields": {"name": "Can add permission", "content_type": 2, "codename": "add_permission"}}, {"model": "auth.permission", "pk": 6, "fields": {"name": "Can change permission", "content_type": 2, "codename": "change_permission"}}, {"model": "auth.permission", "pk": 7, "fields": {"name": "Can delete permission", "content_type": 2, "codename": "delete_permission"}}, {"model": "auth.permission", "pk": 8, "fields": {"name": "Can view permission", "content_type": 2, "codename": "view_permission"}}, {"model": "auth.permission", "pk": 9, "fields": {"name": "Can add group", "content_type": 3, "codename": "add_group"}}, {"model": "auth.permission", "pk": 10, "fields": {"name": "Can change group", "content_type": 3, "codename": "change_group"}}, {"model": "auth.permission", "pk": 11, "fields": {"name": "Can delete group", "content_type": 3, "codename": "delete_group"}}, {"model": "auth.permission", "pk": 12, "fields": {"name": "Can view group", "content_type": 3, "codename": "view_group"}}, {"model": "auth.permission", "pk": 13, "fields": {"name": "Can add user", "content_type": 4, "codename": "add_user"}}, {"model": "auth.permission", "pk": 14, "fields": {"name": "Can change user", "content_type": 4, "codename": "change_user"}}, {"model": "auth.permission", "pk": 15, "fields": {"name": "Can delete user", "content_type": 4, "codename": "delete_user"}}, {"model": "auth.permission", "pk": 16, "fields": {"name": "Can view user", "content_type": 4, "codename": "view_user"}}, {"model": "auth.permission", "pk": 17, "fields": {"name": "Can add content type", "content_type": 5, "codename": "add_contenttype"}}, {"model": "auth.permission", "pk": 18, "fields": {"name": "Can change content type", "content_type": 5, "codename": "change_contenttype"}}, {"model": "auth.permission", "pk": 19, "fields": {"name": "Can delete content type", "content_type": 5, "codename": "delete_contenttype"}}, {"model": "auth.permission", "pk": 20, "fields": {"name": "Can view content type", "content_type": 5, "codename": "view_contenttype"}}, {"model": "auth.permission", "pk": 21, "fields": {"name": "Can add session", "content_type": 6, "codename": "add_session"}}, {"model": "auth.permission", "pk": 22, "fields": {"name": "Can change session", "content_type": 6, "codename": "change_session"}}, {"model": "auth.permission", "pk": 23, "fields": {"name": "Can delete session", "content_type": 6, "codename": "delete_session"}}, {"model": "auth.permission", "pk": 24, "fields": {"name": "Can view session", "content_type": 6, "codename": "view_session"}}, {"model": "auth.permission", "pk": 25, "fields": {"name": "Can add event", "content_type": 7, "codename": "add_event"}}, {"model": "auth.permission", "pk": 26, "fields": {"name": "Can change event", "content_type": 7, "codename": "change_event"}}, {"model": "auth.permission", "pk": 27, "fields": {"name": "Can delete event", "content_type": 7, "codename": "delete_event"}}, {"model": "auth.permission", "pk": 28, "fields": {"name": "Can view event", "content_type": 7, "codename": "view_event"}}, {"model": "auth.permission", "pk": 29, "fields": {"name": "Can add notification", "content_type": 8, "codename": "add_notification"}}, {"model": "auth.permission", "pk": 30, "fields": {"name": "Can change notification", "content_type": 8, "codename": "change_notification"}}, {"model": "auth.permission", "pk": 31, "fields": {"name": "Can delete notification", "content_type": 8, "codename": "delete_notification"}}, {"model": "auth.permission", "pk": 32, "fields": {"name": "Can view notification", "content_type": 8, "codename": "view_notification"}}, {"model": "auth.permission", "pk": 33, "fields": {"name": "Can add event member", "content_type": 9, "codename": "add_eventmember"}}, {"model": "auth.permission", "pk": 34, "fields": {"name": "Can change event member", "content_type": 9, "codename": "change_eventmember"}}, {"model": "auth.permission", "pk": 35, "fields": {"name": "Can delete event member", "content_type": 9, "codename": "delete_eventmember"}}, {"model": "auth.permission", "pk": 36, "fields": {"name": "Can view event member", "content_type": 9, "codename": "view_eventmember"}}, {"model": "auth.permission", "pk": 37, "fields": {"name": "Can add user extend", "content_type": 10, "codename": "add_userextend"}}, {"model": "auth.permission", "pk": 38, "fields": {"name": "Can change user extend", "content_type": 10, "codename": "change_userextend"}}, {"model": "auth.permission", "pk": 39, "fields": {"name": "Can delete user extend", "content_type": 10, "codename": "delete_userextend"}}, {"model": "auth.permission", "pk": 40, "fields": {"name": "Can view user extend", "content_type": 10, "codename": "view_userextend"}}, {"model": "auth.permission", "pk": 41, "fields": {"name": "Can add event comment", "content_type": 11, "codename": "add_eventcomment"}}, {"model": "auth.permission", "pk": 42, "fields": {"name": "Can change event comment", "content_type": 11, "codename": "change_eventcomment"}}, {"model": "auth.permission", "pk": 43, "fields": {"name": "Can delete event comment", "content_type": 11, "codename": "delete_eventcomment"}}, {"model": "auth.permission", "pk": 44, "fields": {"name": "Can view event comment", "content_type": 11, "codename": "view_eventcomment"}}, {"model": "auth.permission", "pk": 45, "fields": {"name": "Can add event comment like", "content_type": 12, "codename": "add_eventcommentlike"}}, {"model": "auth.permission", "pk": 46, "fields": {"name": "Can change event comment like", "content_type": 12, "codename": "change_eventcommentlike"}}, {"model": "auth.permission", "pk": 47, "fields": {"name": "Can delete event comment like", "content_type": 12, "codename": "delete_eventcommentlike"}}, {"model": "auth.permission", "pk": 48, "fields": {"name": "Can view event comment like", "content_type": 12, "codename": "view_eventcommentlike"}}, {"model": "auth.permission", "pk": 49, "fields": {"name": "Can add user vote", "content_type": 13, "codename": "add_uservote"}}, {"model": "auth.permission", "pk": 50, "fields": {"name": "Can change user vote", "content_type": 13, "codename": "change_uservote"}}, {"model": "auth.permission", "pk": 51, "fields": {"name": "Can delete user vote", "content_type": 13, "codename": "delete_uservote"}}, {"model": "auth.permission", "pk": 52, "fields": {"name": "Can view user vote", "content_type": 13, "codename": "view_uservote"}}, {"model": "auth.permission", "pk": 53, "fields": {"name": "Can add friend request", "content_type": 14, "codename": "add_friendrequest"}}, {"model": "auth.permission", "pk": 54, "fields": {"name": "Can change friend request", "content_type": 14, "codename": "change_friendrequest"}}, {"model": "auth.permission", "pk": 55, "fields": {"name": "Can delete friend request", "content_type": 14, "codename": "delete_friendrequest"}}, {"model": "auth.permission", "pk": 56, "fields": {"name": "Can view friend request", "content_type": 14, "codename": "view_friendrequest"}}, {"model": "auth.permission", "pk": 57, "fields": {"name": "Can add friend", "content_type": 15, "codename": "add_friend"}}, {"model": "auth.permission", "pk": 58, "fields": {"name": "Can change friend", "content_type": 15, "codename": "change_friend"}}, {"model": "auth.permission", "pk": 59, "fields": {"name": "Can delete friend", "content_type": 15, "codename": "delete_friend"}}, {"model": "auth.permission", "pk": 60, "fields": {"name": "Can view friend", "content_type": 15, "codename": "view_friend"}}, {"model": "auth.permission", "pk": 61, "fields": {"name": "Can add event category", "content_type": 16, "codename": "add_eventcategory"}}, {"model": "auth.permission", "pk": 62, "fields": {"name": "Can change event category", "content_type": 16, "codename": "change_eventcategory"}}, {"model": "auth.permission", "pk": 63, "fields": {"name": "Can delete event category", "content_type": 16, "codename": "delete_eventcategory"}}, {"model": "auth.permission", "pk": 64, "fields": {"name": "Can view event category", "content_type": 16, "codename": "view_eventcategory"}}, {"model": "auth.permission", "pk": 65, "fields": {"name": "Can add blacklisted token", "content_type": 17, "codename": "add_blacklistedtoken"}}, {"model": "auth.permission", "pk": 66, "fields": {"name": "Can change blacklisted token", "content_type": 17, "codename": "change_blacklistedtoken"}}, {"model": "auth.permission", "pk": 67, "fields": {"name": "Can delete blacklisted token", "content_type": 17, "codename": "delete_blacklistedtoken"}}, {"model": "auth.permission", "pk": 68, "fields": {"name": "Can view blacklisted token", "content_type": 17, "codename": "view_blacklistedtoken"}}, {"model": "auth.permission", "pk": 69, "fields": {"name": "Can add outstanding token", "content_type": 18, "codename": "add_outstandingtoken"}}, {"model": "auth.permission", "pk": 70, "fields": {"name": "Can change outstanding token", "content_type": 18, "codename": "change_outstandingtoken"}}, {"model": "auth.permission", "pk": 71, "fields": {"name": "Can delete outstanding token", "content_type": 18, "codename": "delete_outstandingtoken"}}, {"model": "auth.permission", "pk": 72, "fields": {"name": "Can view outstanding token", "content_type": 18, "codename": "view_outstandingtoken"}}, {"model": "auth.user", "pk": 1, "fields": {"password": "pbkdf2_sha256$320000$tRuUN38UeXlv9wf5KaM3tL$Kazij9+qk/aowIWRSI+Crws+EquSr9EVDGJQirHLAwA=", "last_login": "2023-07-10T17:19:56.632Z", "is_superuser": false, "username": "felixgoodman", "first_name": "", "last_name": "", "email": "felixgoodman@email.com", "is_staff": false, "is_active": true, "date_joined": "2023-07-10T05:04:14.106Z", "groups": [], "user_permissions": []}}, {"model": "auth.user", "pk": 2, "fields": {"password": "pbkdf2_sha256$320000$b9nASHG2USKwqrV1mpAgl9$7uwbBFlRRI0hUZbwjIdOon+nw+lteN7bgIElFbBCeFY=", "last_login": "2023-07-10T17:16:13.794Z", "is_superuser": false, "username": "johntallman", "first_name": "", "last_name": "", "email": "johntallman@email.com", "is_staff": false, "is_active": true, "date_joined": "2023-07-10T05:05:42.270Z", "groups": [], "user_permissions": []}}, {"model": "auth.user", "pk": 3, "fields": {"password": "pbkdf2_sha256$320000$oHDtqFEWJOXqn3lblm9giz$dUKYlanUr9ugPEan6JCNhZ1aRu5B6aLZTv8mQ675ZrA=", "last_login": "2023-07-10T17:53:17.204Z", "is_superuser": false, "username": "solomonwest", "first_name": "", "last_name": "", "email": "solomonwest@email.com", "is_staff": false, "is_active": true, "date_joined": "2023-07-10T05:06:19.691Z", "groups": [], "user_permissions": []}}, {"model": "auth.user", "pk": 4, "fields": {"password": "pbkdf2_sha256$320000$amDjO98J4JEKawlutYh1tI$IWIS7FcP4wWU6IegCl6MK6bnCZPHEw1L5bv5uyhkRV4=", "last_login": "2023-07-10T17:22:57.903Z", "is_superuser": false, "username": "kevinsmith", "first_name": "", "last_name": "", "email": "kevinsmith@email.com", "is_staff": false, "is_active": true, "date_joined": "2023-07-10T05:07:07.751Z", "groups": [], "user_permissions": []}}, {"model": "auth.user", "pk": 5, "fields": {"password": "pbkdf2_sha256$320000$TYzvhh53n41UI1EOnxvXAe$AQ2ydoaSACfi1Tm7iEgKqtXSulm3Z1VYdIPJ/KGQkzU=", "last_login": "2023-07-10T17:34:42.095Z", "is_superuser": false, "username": "josepheast", "first_name": "", "last_name": "", "email": "josepheast@email.com", "is_staff": false, "is_active": true, "date_joined": "2023-07-10T05:07:47.088Z", "groups": [], "user_permissions": []}}, {"model": "auth.user", "pk": 6, "fields": {"password": "pbkdf2_sha256$320000$aO22jzzNnGhPBe4vt6EgA2$V8CoOv6j8mqJnyjiykiFiu4l+6V2DIjBxzPHHIcLEvw=", "last_login": "2023-07-10T17:49:31.514Z", "is_superuser": false, "username": "aaronblack", "first_name": "", "last_name": "", "email": "aaronblack@email.com", "is_staff": false, "is_active": true, "date_joined": "2023-07-10T05:09:00.176Z", "groups": [], "user_permissions": []}}, {"model": "auth.user", "pk": 7, "fields": {"password": "pbkdf2_sha256$320000$0UfumpsWfnOkpJAxKHte03$HziykjYF2+SH0BMOa5/z9pHoC7fq5hwOXTUKbIUoG3c=", "last_login": "2023-07-10T18:08:02.752Z", "is_superuser": false, "username": "arthurpendragon", "first_name": "", "last_name": "", "email": "arthurpendragon@email.com", "is_staff": false, "is_active": true, "date_joined": "2023-07-10T05:22:42.824Z", "groups": [], "user_permissions": []}}, {"model": "auth.user", "pk": 8, "fields": {"password": "pbkdf2_sha256$320000$iqTgMYgc8ieB7FPbzTfaAJ$xQNttfwfMDhQNg0ivH96TF5I7iG5amiEFyxZVpZQcpc=", "last_login": "2023-07-10T17:50:43.907Z", "is_superuser": false, "username": "evagreen", "first_name": "", "last_name": "", "email": "evagreen@email.com", "is_staff": false, "is_active": true, "date_joined": "2023-07-10T05:23:16.544Z", "groups": [], "user_permissions": []}}, {"model": "auth.user", "pk": 9, "fields": {"password": "pbkdf2_sha256$320000$kBVY70Sey0A0AMIsfgL6RJ$fl9VPKJcZoUjG+eKfWIS2wzC7x7On/wkrqUojiVatQE=", "last_login": "2023-07-10T17:34:59.006Z", "is_superuser": false, "username": "leexavier", "first_name": "", "last_name": "", "email": "leexavier@email.com", "is_staff": false, "is_active": true, "date_joined": "2023-07-10T05:26:22.693Z", "groups": [], "user_permissions": []}}, {"model": "auth.user", "pk": 10, "fields": {"password": "pbkdf2_sha256$320000$r83HiGIYViEDmz3YtBr95T$3Y9f61Xo4EpJLZQIho3AVDUCKMutsUTtv5rpCnkcwDU=", "last_login": "2023-07-10T17:49:53.756Z", "is_superuser": false, "username": "walterhuberman", "first_name": "", "last_name": "", "email": "walterhuberman@email.com", "is_staff": false, "is_active": true, "date_joined": "2023-07-10T05:27:10.341Z", "groups": [], "user_permissions": []}}, {"model": "contenttypes.contenttype", "pk": 1, "fields": {"app_label": "admin", "model": "logentry"}}, {"model": "contenttypes.contenttype", "pk": 2, "fields": {"app_label": "auth", "model": "permission"}}, {"model": "contenttypes.contenttype", "pk": 3, "fields": {"app_label": "auth", "model": "group"}}, {"model": "contenttypes.contenttype", "pk": 4, "fields": {"app_label": "auth", "model": "user"}}, {"model": "contenttypes.contenttype", "pk": 5, "fields": {"app_label": "contenttypes", "model": "contenttype"}}, {"model": "contenttypes.contenttype", "pk": 6, "fields": {"app_label": "sessions", "model": "session"}}, {"model": "contenttypes.contenttype", "pk": 7, "fields": {"app_label": "base", "model": "event"}}, {"model": "contenttypes.contenttype", "pk": 8, "fields": {"app_label": "base", "model": "notification"}}, {"model": "contenttypes.contenttype", "pk": 9, "fields": {"app_label": "base", "model": "eventmember"}}, {"model": "contenttypes.contenttype", "pk": 10, "fields": {"app_label": "base", "model": "userextend"}}, {"model": "contenttypes.contenttype", "pk": 11, "fields": {"app_label": "base", "model": "eventcomment"}}, {"model": "contenttypes.contenttype", "pk": 12, "fields": {"app_label": "base", "model": "eventcommentlike"}}, {"model": "contenttypes.contenttype", "pk": 13, "fields": {"app_label": "base", "model": "uservote"}}, {"model": "contenttypes.contenttype", "pk": 14, "fields": {"app_label": "base", "model": "friendrequest"}}, {"model": "contenttypes.contenttype", "pk": 15, "fields": {"app_label": "base", "model": "friend"}}, {"model": "contenttypes.contenttype", "pk": 16, "fields": {"app_label": "base", "model": "eventcategory"}}, {"model": "contenttypes.contenttype", "pk": 17, "fields": {"app_label": "token_blacklist", "model": "blacklistedtoken"}}, {"model": "contenttypes.contenttype", "pk": 18, "fields": {"app_label": "token_blacklist", "model": "outstandingtoken"}}, {"model": "base.userextend", "pk": 1, "fields": {"userId": 1, "resetToken": null, "resetTokenTime": null, "statusMessage": null}}, {"model": "base.userextend", "pk": 2, "fields": {"userId": 2, "resetToken": null, "resetTokenTime": null, "statusMessage": null}}, {"model": "base.userextend", "pk": 3, "fields": {"userId": 3, "resetToken": null, "resetTokenTime": null, "statusMessage": null}}, {"model": "base.userextend", "pk": 4, "fields": {"userId": 4, "resetToken": null, "resetTokenTime": null, "statusMessage": null}}, {"model": "base.userextend", "pk": 5, "fields": {"userId": 5, "resetToken": null, "resetTokenTime": null, "statusMessage": null}}, {"model": "base.userextend", "pk": 6, "fields": {"userId": 6, "resetToken": null, "resetTokenTime": null, "statusMessage": null}}, {"model": "base.userextend", "pk": 7, "fields": {"userId": 7, "resetToken": null, "resetTokenTime": null, "statusMessage": null}}, {"model": "base.userextend", "pk": 8, "fields": {"userId": 8, "resetToken": null, "resetTokenTime": null, "statusMessage": null}}, {"model": "base.userextend", "pk": 9, "fields": {"userId": 9, "resetToken": null, "resetTokenTime": null, "statusMessage": null}}, {"model": "base.userextend", "pk": 10, "fields": {"userId": 10, "resetToken": null, "resetTokenTime": null, "statusMessage": null}}, {"model": "base.event", "pk": 1, "fields": {"user": 10, "userName": "walterhuberman", "title": "Wolfgang s Magical Musical Circus - Circus", "maxMember": 12, "details": "Location: Riverside Theatres, Parramatta, New South Wales \nLink: https://www.eventfinda.com.au//2023/wolfgangrs-magical-musical-circus/sydney/parramatta\n\n", "startDate": "2023-07-19T18:30:00Z", "createdAt": "2023-07-10T15:44:50.487Z", "year": 2023, "month": 7, "day": 19, "hour": 18, "minute": 30, "status": null}}, {"model": "base.event", "pk": 2, "fields": {"user": 10, "userName": "walterhuberman", "title": "Sydney Piano Competition - Preliminaries and Semi-Finals - Chamber Music", "maxMember": 4, "details": "Location: Sydney Conservatorium of Music, Sydney CBD, New South Wales \nLink: https://www.eventfinda.com.au//2023/sydney-piano-competition-preliminaries-and-semi-finals/sydney\n\n", "startDate": "2023-08-12T14:30:00Z", "createdAt": "2023-07-10T15:48:32.940Z", "year": 2023, "month": 8, "day": 12, "hour": 14, "minute": 30, "status": null}}, {"model": "base.event", "pk": 3, "fields": {"user": 4, "userName": "kevinsmith", "title": "Movie Night", "maxMember": 10, "details": "Let's watch some fun Netflix movies!", "startDate": "2023-07-15T20:54:00Z", "createdAt": "2023-07-10T15:54:27.740Z", "year": 2023, "month": 7, "day": 15, "hour": 20, "minute": 54, "status": null}}, {"model": "base.event", "pk": 4, "fields": {"user": 1, "userName": "felixgoodman", "title": "My Birthday Party", "maxMember": 20, "details": "My birthday party! Everyone is welcome!", "startDate": "2023-09-15T22:09:00Z", "createdAt": "2023-07-10T16:09:55.656Z", "year": 2023, "month": 9, "day": 15, "hour": 22, "minute": 9, "status": null}}, {"model": "base.event", "pk": 5, "fields": {"user": 7, "userName": "arthurpendragon", "title": "Junior Penguin Keeper - Children, Kids, Holidays", "maxMember": 15, "details": "Location: SEA LIFE Melbourne Aquarium, Melbourne CBD, Victoria \nLink: https://www.eventfinda.com.au//2023/junior-penguin-keeper/melbourne\n\n", "startDate": "2023-12-23T10:00:00Z", "createdAt": "2023-07-10T16:11:35.626Z", "year": 2023, "month": 12, "day": 23, "hour": 10, "minute": 0, "status": null}}, {"model": "base.event", "pk": 6, "fields": {"user": 8, "userName": "evagreen", "title": "Group Study", "maxMember": 5, "details": "Let's study together! Location: RMIT building 80.", "startDate": "2023-10-11T17:15:00Z", "createdAt": "2023-07-10T16:13:50.788Z", "year": 2023, "month": 10, "day": 11, "hour": 17, "minute": 15, "status": null}}, {"model": "base.event", "pk": 7, "fields": {"user": 3, "userName": "solomonwest", "title": "Free Swimming Lesson", "maxMember": 4, "details": "Opening free swimming lesson course!", "startDate": "2023-10-21T08:14:00Z", "createdAt": "2023-07-10T16:14:59.192Z", "year": 2023, "month": 10, "day": 21, "hour": 8, "minute": 14, "status": null}}, {"model": "base.event", "pk": 8, "fields": {"user": 8, "userName": "evagreen", "title": "Lord of The Rings Fans Meed Up", "maxMember": 10, "details": "Let's gather all the LOTR fans!", "startDate": "2023-07-20T16:15:00Z", "createdAt": "2023-07-10T16:16:01.054Z", "year": 2023, "month": 7, "day": 20, "hour": 16, "minute": 15, "status": null}}, {"model": "base.event", "pk": 9, "fields": {"user": 1, "userName": "felixgoodman", "title": "UFC 290 Fight Night Stream", "maxMember": 8, "details": "Alexander Volkanovski vs Yair Rodriguez Let's go!!", "startDate": "2023-07-10T19:17:00Z", "createdAt": "2023-07-10T16:17:33.523Z", "year": 2023, "month": 7, "day": 10, "hour": 19, "minute": 17, "status": null}}, {"model": "base.event", "pk": 10, "fields": {"user": 8, "userName": "evagreen", "title": "Myths and Legends - Family Entertainment", "maxMember": 19, "details": "Location: SEA LIFE Sydney Aquarium, Darling Harbour, New South Wales \nLink: https://www.eventfinda.com.au//2023/myths-and-legends/sydney/darling-harbour\n\n", "startDate": "2023-11-22T10:00:00Z", "createdAt": "2023-07-10T16:18:55.623Z", "year": 2023, "month": 11, "day": 22, "hour": 10, "minute": 0, "status": null}}, {"model": "base.event", "pk": 11, "fields": {"user": 10, "userName": "walterhuberman", "title": "Blueback - Theatre", "maxMember": 5, "details": "Location: Claremont Showground, Claremont, Western Australia \nLink: https://www.eventfinda.com.au//2023/blueback/perth/claremont\n\n", "startDate": "2023-11-06T12:00:00Z", "createdAt": "2023-07-10T16:19:55.225Z", "year": 2023, "month": 11, "day": 6, "hour": 12, "minute": 0, "status": null}}, {"model": "base.event", "pk": 12, "fields": {"user": 3, "userName": "solomonwest", "title": "Bondi Festival - Festivals", "maxMember": 16, "details": "Location: Bondi Pavilion Forecourt, Bondi Beach, New South Wales \nLink: https://www.eventfinda.com.au//2023/bondi-festival2/sydney/bondi-beach\n\n", "startDate": "2023-10-21T09:00:00Z", "createdAt": "2023-07-10T16:20:56.598Z", "year": 2023, "month": 10, "day": 21, "hour": 9, "minute": 0, "status": null}}, {"model": "base.event", "pk": 13, "fields": {"user": 7, "userName": "arthurpendragon", "title": "NINJAGO - Children, Kids, Holidays", "maxMember": 7, "details": "Location: Legoland Discovery Centre, Chadstone, Victoria \nLink: https://www.eventfinda.com.au//2023/ninjago/melbourne/chadstone\n\n", "startDate": "2023-11-14T10:00:00Z", "createdAt": "2023-07-10T16:21:56.822Z", "year": 2023, "month": 11, "day": 14, "hour": 10, "minute": 0, "status": null}}, {"model": "base.eventmember", "pk": 1, "fields": {"eventId": 12, "userId": 7, "event": 12, "user": 7, "status": 1}}, {"model": "base.eventmember", "pk": 2, "fields": {"eventId": 11, "userId": 7, "event": 11, "user": 7, "status": 0}}, {"model": "base.eventmember", "pk": 3, "fields": {"eventId": 10, "userId": 7, "event": 10, "user": 7, "status": 0}}, {"model": "base.eventmember", "pk": 4, "fields": {"eventId": 9, "userId": 7, "event": 9, "user": 7, "status": 1}}, {"model": "base.eventmember", "pk": 5, "fields": {"eventId": 8, "userId": 7, "event": 8, "user": 7, "status": 0}}, {"model": "base.eventmember", "pk": 6, "fields": {"eventId": 7, "userId": 7, "event": 7, "user": 7, "status": 1}}, {"model": "base.eventmember", "pk": 7, "fields": {"eventId": 6, "userId": 7, "event": 6, "user": 7, "status": 0}}, {"model": "base.eventmember", "pk": 8, "fields": {"eventId": 1, "userId": 7, "event": 1, "user": 7, "status": 0}}, {"model": "base.eventmember", "pk": 9, "fields": {"eventId": 13, "userId": 9, "event": 13, "user": 9, "status": 1}}, {"model": "base.eventmember", "pk": 10, "fields": {"eventId": 11, "userId": 9, "event": 11, "user": 9, "status": 0}}, {"model": "base.eventmember", "pk": 11, "fields": {"eventId": 9, "userId": 9, "event": 9, "user": 9, "status": 1}}, {"model": "base.eventmember", "pk": 12, "fields": {"eventId": 7, "userId": 9, "event": 7, "user": 9, "status": 1}}, {"model": "base.eventmember", "pk": 13, "fields": {"eventId": 5, "userId": 9, "event": 5, "user": 9, "status": 1}}, {"model": "base.eventmember", "pk": 14, "fields": {"eventId": 1, "userId": 9, "event": 1, "user": 9, "status": 0}}, {"model": "base.eventmember", "pk": 15, "fields": {"eventId": 12, "userId": 2, "event": 12, "user": 2, "status": 1}}, {"model": "base.eventmember", "pk": 16, "fields": {"eventId": 10, "userId": 2, "event": 10, "user": 2, "status": 0}}, {"model": "base.eventmember", "pk": 17, "fields": {"eventId": 8, "userId": 2, "event": 8, "user": 2, "status": 0}}, {"model": "base.eventmember", "pk": 18, "fields": {"eventId": 6, "userId": 2, "event": 6, "user": 2, "status": 0}}, {"model": "base.eventmember", "pk": 19, "fields": {"eventId": 4, "userId": 2, "event": 4, "user": 2, "status": 1}}, {"model": "base.eventmember", "pk": 20, "fields": {"eventId": 5, "userId": 2, "event": 5, "user": 2, "status": 1}}, {"model": "base.eventmember", "pk": 21, "fields": {"eventId": 2, "userId": 2, "event": 2, "user": 2, "status": 0}}, {"model": "base.eventmember", "pk": 22, "fields": {"eventId": 3, "userId": 2, "event": 3, "user": 2, "status": 0}}, {"model": "base.eventmember", "pk": 23, "fields": {"eventId": 13, "userId": 5, "event": 13, "user": 5, "status": 1}}, {"model": "base.eventmember", "pk": 24, "fields": {"eventId": 12, "userId": 5, "event": 12, "user": 5, "status": 1}}, {"model": "base.eventmember", "pk": 25, "fields": {"eventId": 10, "userId": 5, "event": 10, "user": 5, "status": 0}}, {"model": "base.eventmember", "pk": 26, "fields": {"eventId": 11, "userId": 5, "event": 11, "user": 5, "status": 0}}, {"model": "base.eventmember", "pk": 27, "fields": {"eventId": 9, "userId": 5, "event": 9, "user": 5, "status": 1}}, {"model": "base.eventmember", "pk": 28, "fields": {"eventId": 8, "userId": 5, "event": 8, "user": 5, "status": 0}}, {"model": "base.eventmember", "pk": 29, "fields": {"eventId": 7, "userId": 5, "event": 7, "user": 5, "status": 1}}, {"model": "base.eventmember", "pk": 30, "fields": {"eventId": 6, "userId": 5, "event": 6, "user": 5, "status": 0}}, {"model": "base.eventmember", "pk": 31, "fields": {"eventId": 5, "userId": 5, "event": 5, "user": 5, "status": 1}}, {"model": "base.eventmember", "pk": 32, "fields": {"eventId": 4, "userId": 5, "event": 4, "user": 5, "status": 1}}, {"model": "base.eventmember", "pk": 33, "fields": {"eventId": 1, "userId": 5, "event": 1, "user": 5, "status": 0}}, {"model": "base.eventmember", "pk": 34, "fields": {"eventId": 2, "userId": 5, "event": 2, "user": 5, "status": 0}}, {"model": "base.eventmember", "pk": 35, "fields": {"eventId": 3, "userId": 5, "event": 3, "user": 5, "status": 0}}, {"model": "base.eventmember", "pk": 36, "fields": {"eventId": 13, "userId": 6, "event": 13, "user": 6, "status": 1}}, {"model": "base.eventmember", "pk": 37, "fields": {"eventId": 5, "userId": 6, "event": 5, "user": 6, "status": 1}}, {"model": "base.eventmember", "pk": 38, "fields": {"eventId": 6, "userId": 6, "event": 6, "user": 6, "status": 0}}, {"model": "base.eventmember", "pk": 39, "fields": {"eventId": 7, "userId": 6, "event": 7, "user": 6, "status": 1}}, {"model": "base.eventmember", "pk": 40, "fields": {"eventId": 8, "userId": 6, "event": 8, "user": 6, "status": 0}}, {"model": "base.eventmember", "pk": 41, "fields": {"eventId": 9, "userId": 6, "event": 9, "user": 6, "status": 1}}, {"model": "base.eventmember", "pk": 42, "fields": {"eventId": 4, "userId": 6, "event": 4, "user": 6, "status": 1}}, {"model": "base.eventmember", "pk": 43, "fields": {"eventId": 1, "userId": 6, "event": 1, "user": 6, "status": 0}}, {"model": "base.eventmember", "pk": 44, "fields": {"eventId": 2, "userId": 6, "event": 2, "user": 6, "status": 0}}, {"model": "base.eventmember", "pk": 45, "fields": {"eventId": 3, "userId": 6, "event": 3, "user": 6, "status": 0}}, {"model": "base.eventmember", "pk": 46, "fields": {"eventId": 13, "userId": 1, "event": 13, "user": 1, "status": 1}}, {"model": "base.eventmember", "pk": 47, "fields": {"eventId": 12, "userId": 1, "event": 12, "user": 1, "status": 1}}, {"model": "base.eventmember", "pk": 48, "fields": {"eventId": 11, "userId": 1, "event": 11, "user": 1, "status": 0}}, {"model": "base.eventmember", "pk": 49, "fields": {"eventId": 10, "userId": 1, "event": 10, "user": 1, "status": 0}}, {"model": "base.eventmember", "pk": 50, "fields": {"eventId": 8, "userId": 1, "event": 8, "user": 1, "status": 0}}, {"model": "base.eventmember", "pk": 51, "fields": {"eventId": 7, "userId": 1, "event": 7, "user": 1, "status": 0}}, {"model": "base.eventmember", "pk": 52, "fields": {"eventId": 6, "userId": 1, "event": 6, "user": 1, "status": 0}}, {"model": "base.eventmember", "pk": 53, "fields": {"eventId": 5, "userId": 1, "event": 5, "user": 1, "status": 1}}, {"model": "base.eventmember", "pk": 54, "fields": {"eventId": 1, "userId": 1, "event": 1, "user": 1, "status": 0}}, {"model": "base.eventmember", "pk": 55, "fields": {"eventId": 2, "userId": 1, "event": 2, "user": 1, "status": 0}}, {"model": "base.eventmember", "pk": 56, "fields": {"eventId": 3, "userId": 1, "event": 3, "user": 1, "status": 0}}, {"model": "base.eventmember", "pk": 57, "fields": {"eventId": 13, "userId": 4, "event": 13, "user": 4, "status": 1}}, {"model": "base.eventmember", "pk": 58, "fields": {"eventId": 6, "userId": 4, "event": 6, "user": 4, "status": 0}}, {"model": "base.eventmember", "pk": 59, "fields": {"eventId": 7, "userId": 4, "event": 7, "user": 4, "status": 0}}, {"model": "base.eventmember", "pk": 60, "fields": {"eventId": 8, "userId": 4, "event": 8, "user": 4, "status": 0}}, {"model": "base.eventmember", "pk": 61, "fields": {"eventId": 9, "userId": 4, "event": 9, "user": 4, "status": 0}}, {"model": "base.eventmember", "pk": 62, "fields": {"eventId": 10, "userId": 4, "event": 10, "user": 4, "status": 0}}, {"model": "base.eventmember", "pk": 63, "fields": {"eventId": 11, "userId": 4, "event": 11, "user": 4, "status": 0}}, {"model": "base.eventmember", "pk": 64, "fields": {"eventId": 12, "userId": 4, "event": 12, "user": 4, "status": 1}}, {"model": "base.eventmember", "pk": 65, "fields": {"eventId": 5, "userId": 4, "event": 5, "user": 4, "status": 1}}, {"model": "base.eventmember", "pk": 66, "fields": {"eventId": 4, "userId": 4, "event": 4, "user": 4, "status": 0}}, {"model": "base.eventmember", "pk": 67, "fields": {"eventId": 13, "userId": 10, "event": 13, "user": 10, "status": 1}}, {"model": "base.eventmember", "pk": 68, "fields": {"eventId": 12, "userId": 10, "event": 12, "user": 10, "status": 1}}, {"model": "base.eventmember", "pk": 69, "fields": {"eventId": 10, "userId": 10, "event": 10, "user": 10, "status": 0}}, {"model": "base.eventmember", "pk": 70, "fields": {"eventId": 9, "userId": 10, "event": 9, "user": 10, "status": 0}}, {"model": "base.eventmember", "pk": 71, "fields": {"eventId": 8, "userId": 10, "event": 8, "user": 10, "status": 0}}, {"model": "base.eventmember", "pk": 72, "fields": {"eventId": 7, "userId": 10, "event": 7, "user": 10, "status": 0}}, {"model": "base.eventmember", "pk": 73, "fields": {"eventId": 6, "userId": 10, "event": 6, "user": 10, "status": 0}}, {"model": "base.eventmember", "pk": 74, "fields": {"eventId": 5, "userId": 10, "event": 5, "user": 10, "status": 1}}, {"model": "base.eventmember", "pk": 75, "fields": {"eventId": 4, "userId": 10, "event": 4, "user": 10, "status": 0}}, {"model": "base.eventmember", "pk": 76, "fields": {"eventId": 3, "userId": 10, "event": 3, "user": 10, "status": 0}}, {"model": "base.eventmember", "pk": 77, "fields": {"eventId": 13, "userId": 8, "event": 13, "user": 8, "status": 1}}, {"model": "base.eventmember", "pk": 78, "fields": {"eventId": 12, "userId": 8, "event": 12, "user": 8, "status": 1}}, {"model": "base.eventmember", "pk": 79, "fields": {"eventId": 11, "userId": 8, "event": 11, "user": 8, "status": 0}}, {"model": "base.eventmember", "pk": 80, "fields": {"eventId": 9, "userId": 8, "event": 9, "user": 8, "status": 0}}, {"model": "base.eventmember", "pk": 81, "fields": {"eventId": 7, "userId": 8, "event": 7, "user": 8, "status": 0}}, {"model": "base.eventmember", "pk": 82, "fields": {"eventId": 4, "userId": 8, "event": 4, "user": 8, "status": 0}}, {"model": "base.eventmember", "pk": 83, "fields": {"eventId": 5, "userId": 8, "event": 5, "user": 8, "status": 1}}, {"model": "base.eventmember", "pk": 84, "fields": {"eventId": 1, "userId": 8, "event": 1, "user": 8, "status": 0}}, {"model": "base.eventmember", "pk": 85, "fields": {"eventId": 2, "userId": 8, "event": 2, "user": 8, "status": 0}}, {"model": "base.eventmember", "pk": 86, "fields": {"eventId": 3, "userId": 8, "event": 3, "user": 8, "status": 0}}, {"model": "base.eventmember", "pk": 87, "fields": {"eventId": 13, "userId": 3, "event": 13, "user": 3, "status": 0}}, {"model": "base.eventmember", "pk": 88, "fields": {"eventId": 11, "userId": 3, "event": 11, "user": 3, "status": 0}}, {"model": "base.eventmember", "pk": 89, "fields": {"eventId": 10, "userId": 3, "event": 10, "user": 3, "status": 0}}, {"model": "base.eventmember", "pk": 90, "fields": {"eventId": 9, "userId": 3, "event": 9, "user": 3, "status": 0}}, {"model": "base.eventmember", "pk": 91, "fields": {"eventId": 8, "userId": 3, "event": 8, "user": 3, "status": 0}}, {"model": "base.eventmember", "pk": 92, "fields": {"eventId": 6, "userId": 3, "event": 6, "user": 3, "status": 0}}, {"model": "base.eventmember", "pk": 93, "fields": {"eventId": 5, "userId": 3, "event": 5, "user": 3, "status": 1}}, {"model": "base.eventmember", "pk": 94, "fields": {"eventId": 4, "userId": 3, "event": 4, "user": 3, "status": 0}}, {"model": "base.eventmember", "pk": 95, "fields": {"eventId": 1, "userId": 3, "event": 1, "user": 3, "status": 0}}, {"model": "base.eventmember", "pk": 96, "fields": {"eventId": 2, "userId": 3, "event": 2, "user": 3, "status": 0}}, {"model": "base.eventmember", "pk": 97, "fields": {"eventId": 3, "userId": 3, "event": 3, "user": 3, "status": 0}}, {"model": "base.eventcomment", "pk": 1, "fields": {"event": 2, "user": 10, "content": "Hello everyone!", "createdAt": "2023-07-10T15:52:40.249Z"}}, {"model": "base.eventcomment", "pk": 2, "fields": {"event": 9, "user": 9, "content": "Hello everyone!!", "createdAt": "2023-07-10T17:35:14.333Z"}}, {"model": "base.eventcomment", "pk": 3, "fields": {"event": 9, "user": 9, "content": "I'm so excited for this!", "createdAt": "2023-07-10T17:35:26.424Z"}}, {"model": "base.eventcomment", "pk": 4, "fields": {"event": 7, "user": 3, "content": "Hello guys!", "createdAt": "2023-07-10T18:05:09.167Z"}}, {"model": "base.eventcomment", "pk": 5, "fields": {"event": 12, "user": 3, "content": "What's up people?", "createdAt": "2023-07-10T18:07:24.936Z"}}, {"model": "base.eventcommentlike", "pk": 3, "fields": {"eventComment": 1, "user": 10, "createdAt": "2023-07-10T05:52:51.694Z"}}, {"model": "base.notification", "pk": 1, "fields": {"userId": 1, "details": "Welcome to runIt, <b>felixgoodman</b>! You can now participate in events made by other users, or create one of your own. Enjoy!", "status": 1, "link": null, "createdAt": "2023-07-10T15:04:17.720Z"}}, {"model": "base.notification", "pk": 2, "fields": {"userId": 2, "details": "Welcome to runIt, <b>johntallman</b>! You can now participate in events made by other users, or create one of your own. Enjoy!", "status": 0, "link": null, "createdAt": "2023-07-10T15:05:45.571Z"}}, {"model": "base.notification", "pk": 3, "fields": {"userId": 3, "details": "Welcome to runIt, <b>solomonwest</b>! You can now participate in events made by other users, or create one of your own. Enjoy!", "status": 0, "link": null, "createdAt": "2023-07-10T15:06:22.983Z"}}, {"model": "base.notification", "pk": 4, "fields": {"userId": 4, "details": "Welcome to runIt, <b>kevinsmith</b>! You can now participate in events made by other users, or create one of your own. Enjoy!", "status": 0, "link": null, "createdAt": "2023-07-10T15:07:11.033Z"}}, {"model": "base.notification", "pk": 5, "fields": {"userId": 5, "details": "Welcome to runIt, <b>josepheast</b>! You can now participate in events made by other users, or create one of your own. Enjoy!", "status": 1, "link": null, "createdAt": "2023-07-10T15:07:50.464Z"}}, {"model": "base.notification", "pk": 6, "fields": {"userId": 6, "details": "Welcome to runIt, <b>aaronblack</b>! You can now participate in events made by other users, or create one of your own. Enjoy!", "status": 0, "link": null, "createdAt": "2023-07-10T15:09:03.461Z"}}, {"model": "base.notification", "pk": 7, "fields": {"userId": 7, "details": "Welcome to runIt, <b>arthurpendragon</b>! You can now participate in events made by other users, or create one of your own. Enjoy!", "status": 1, "link": null, "createdAt": "2023-07-10T15:22:46.685Z"}}, {"model": "base.notification", "pk": 8, "fields": {"userId": 8, "details": "Welcome to runIt, <b>evagreen</b>! You can now participate in events made by other users, or create one of your own. Enjoy!", "status": 0, "link": null, "createdAt": "2023-07-10T15:23:19.909Z"}}, {"model": "base.notification", "pk": 9, "fields": {"userId": 9, "details": "Welcome to runIt, <b>leexavier</b>! You can now participate in events made by other users, or create one of your own. Enjoy!", "status": 0, "link": null, "createdAt": "2023-07-10T15:26:26.547Z"}}, {"model": "base.notification", "pk": 10, "fields": {"userId": 10, "details": "Welcome to runIt, <b>walterhuberman</b>! You can now participate in events made by other users, or create one of your own. Enjoy!", "status": 0, "link": null, "createdAt": "2023-07-10T15:27:13.524Z"}}, {"model": "base.notification", "pk": 11, "fields": {"userId": 3, "details": "User <b>arthurpendragon</b> has requested to join your event <b>Bondi Festival - Festivals</b>", "status": 0, "link": "/event/12", "createdAt": "2023-07-10T16:26:20.803Z"}}, {"model": "base.notification", "pk": 12, "fields": {"userId": 10, "details": "User <b>arthurpendragon</b> has requested to join your event <b>Blueback - Theatre</b>", "status": 0, "link": "/event/11", "createdAt": "2023-07-10T16:26:24.398Z"}}, {"model": "base.notification", "pk": 13, "fields": {"userId": 8, "details": "User <b>arthurpendragon</b> has requested to join your event <b>Myths and Legends - Family Entertainment</b>", "status": 0, "link": "/event/10", "createdAt": "2023-07-10T16:26:27.889Z"}}, {"model": "base.notification", "pk": 14, "fields": {"userId": 1, "details": "User <b>arthurpendragon</b> has requested to join your event <b>UFC 290 Fight Night Stream</b>", "status": 1, "link": "/event/9", "createdAt": "2023-07-10T16:26:32.975Z"}}, {"model": "base.notification", "pk": 15, "fields": {"userId": 8, "details": "User <b>arthurpendragon</b> has requested to join your event <b>Lord of The Rings Fans Meed Up</b>", "status": 0, "link": "/event/8", "createdAt": "2023-07-10T16:26:44.423Z"}}, {"model": "base.notification", "pk": 16, "fields": {"userId": 3, "details": "User <b>arthurpendragon</b> has requested to join your event <b>Free Swimming Lesson</b>", "status": 0, "link": "/event/7", "createdAt": "2023-07-10T16:27:58.743Z"}}, {"model": "base.notification", "pk": 17, "fields": {"userId": 8, "details": "User <b>arthurpendragon</b> has requested to join your event <b>Group Study</b>", "status": 0, "link": "/event/6", "createdAt": "2023-07-10T16:28:02.234Z"}}, {"model": "base.notification", "pk": 18, "fields": {"userId": 10, "details": "User <b>arthurpendragon</b> has requested to join your event <b>Wolfgang s Magical Musical Circus - Circus</b>", "status": 0, "link": "/event/1", "createdAt": "2023-07-10T16:28:14.752Z"}}, {"model": "base.notification", "pk": 19, "fields": {"userId": 7, "details": "User <b>leexavier</b> has requested to join your event <b>NINJAGO - Children, Kids, Holidays</b>", "status": 0, "link": "/event/13", "createdAt": "2023-07-10T17:15:22.071Z"}}, {"model": "base.notification", "pk": 20, "fields": {"userId": 10, "details": "User <b>leexavier</b> has requested to join your event <b>Blueback - Theatre</b>", "status": 0, "link": "/event/11", "createdAt": "2023-07-10T17:15:25.511Z"}}, {"model": "base.notification", "pk": 21, "fields": {"userId": 1, "details": "User <b>leexavier</b> has requested to join your event <b>UFC 290 Fight Night Stream</b>", "status": 0, "link": "/event/9", "createdAt": "2023-07-10T17:15:28.582Z"}}, {"model": "base.notification", "pk": 22, "fields": {"userId": 3, "details": "User <b>leexavier</b> has requested to join your event <b>Free Swimming Lesson</b>", "status": 0, "link": "/event/7", "createdAt": "2023-07-10T17:15:32.270Z"}}, {"model": "base.notification", "pk": 23, "fields": {"userId": 7, "details": "User <b>leexavier</b> has requested to join your event <b>Junior Penguin Keeper - Children, Kids, Holidays</b>", "status": 0, "link": "/event/5", "createdAt": "2023-07-10T17:15:35.253Z"}}, {"model": "base.notification", "pk": 24, "fields": {"userId": 10, "details": "User <b>leexavier</b> has requested to join your event <b>Wolfgang s Magical Musical Circus - Circus</b>", "status": 0, "link": "/event/1", "createdAt": "2023-07-10T17:15:41.152Z"}}, {"model": "base.notification", "pk": 25, "fields": {"userId": 3, "details": "User <b>johntallman</b> has requested to join your event <b>Bondi Festival - Festivals</b>", "status": 0, "link": "/event/12", "createdAt": "2023-07-10T17:16:25.640Z"}}, {"model": "base.notification", "pk": 26, "fields": {"userId": 8, "details": "User <b>johntallman</b> has requested to join your event <b>Myths and Legends - Family Entertainment</b>", "status": 0, "link": "/event/10", "createdAt": "2023-07-10T17:16:30.539Z"}}, {"model": "base.notification", "pk": 27, "fields": {"userId": 8, "details": "User <b>johntallman</b> has requested to join your event <b>Lord of The Rings Fans Meed Up</b>", "status": 0, "link": "/event/8", "createdAt": "2023-07-10T17:16:34.715Z"}}, {"model": "base.notification", "pk": 28, "fields": {"userId": 8, "details": "User <b>johntallman</b> has requested to join your event <b>Group Study</b>", "status": 0, "link": "/event/6", "createdAt": "2023-07-10T17:16:38.122Z"}}, {"model": "base.notification", "pk": 29, "fields": {"userId": 1, "details": "User <b>johntallman</b> has requested to join your event <b>My Birthday Party</b>", "status": 0, "link": "/event/4", "createdAt": "2023-07-10T17:16:42.183Z"}}, {"model": "base.notification", "pk": 30, "fields": {"userId": 7, "details": "User <b>johntallman</b> has requested to join your event <b>Junior Penguin Keeper - Children, Kids, Holidays</b>", "status": 0, "link": "/event/5", "createdAt": "2023-07-10T17:16:45.227Z"}}, {"model": "base.notification", "pk": 31, "fields": {"userId": 10, "details": "User <b>johntallman</b> has requested to join your event <b>Sydney Piano Competition - Preliminaries and Semi-Finals - Chamber Music</b>", "status": 0, "link": "/event/2", "createdAt": "2023-07-10T17:16:51.636Z"}}, {"model": "base.notification", "pk": 32, "fields": {"userId": 4, "details": "User <b>johntallman</b> has requested to join your event <b>Movie Night</b>", "status": 0, "link": "/event/3", "createdAt": "2023-07-10T17:16:54.216Z"}}, {"model": "base.notification", "pk": 33, "fields": {"userId": 7, "details": "User <b>josepheast</b> has requested to join your event <b>NINJAGO - Children, Kids, Holidays</b>", "status": 0, "link": "/event/13", "createdAt": "2023-07-10T17:17:25.921Z"}}, {"model": "base.notification", "pk": 34, "fields": {"userId": 3, "details": "User <b>josepheast</b> has requested to join your event <b>Bondi Festival - Festivals</b>", "status": 0, "link": "/event/12", "createdAt": "2023-07-10T17:17:29.717Z"}}, {"model": "base.notification", "pk": 35, "fields": {"userId": 8, "details": "User <b>josepheast</b> has requested to join your event <b>Myths and Legends - Family Entertainment</b>", "status": 0, "link": "/event/10", "createdAt": "2023-07-10T17:17:33.392Z"}}, {"model": "base.notification", "pk": 36, "fields": {"userId": 10, "details": "User <b>josepheast</b> has requested to join your event <b>Blueback - Theatre</b>", "status": 0, "link": "/event/11", "createdAt": "2023-07-10T17:17:35.730Z"}}, {"model": "base.notification", "pk": 37, "fields": {"userId": 1, "details": "User <b>josepheast</b> has requested to join your event <b>UFC 290 Fight Night Stream</b>", "status": 0, "link": "/event/9", "createdAt": "2023-07-10T17:17:38.187Z"}}, {"model": "base.notification", "pk": 38, "fields": {"userId": 8, "details": "User <b>josepheast</b> has requested to join your event <b>Lord of The Rings Fans Meed Up</b>", "status": 0, "link": "/event/8", "createdAt": "2023-07-10T17:17:40.945Z"}}, {"model": "base.notification", "pk": 39, "fields": {"userId": 3, "details": "User <b>josepheast</b> has requested to join your event <b>Free Swimming Lesson</b>", "status": 0, "link": "/event/7", "createdAt": "2023-07-10T17:17:44.577Z"}}, {"model": "base.notification", "pk": 40, "fields": {"userId": 8, "details": "User <b>josepheast</b> has requested to join your event <b>Group Study</b>", "status": 0, "link": "/event/6", "createdAt": "2023-07-10T17:17:48.318Z"}}, {"model": "base.notification", "pk": 41, "fields": {"userId": 7, "details": "User <b>josepheast</b> has requested to join your event <b>Junior Penguin Keeper - Children, Kids, Holidays</b>", "status": 0, "link": "/event/5", "createdAt": "2023-07-10T17:17:51.307Z"}}, {"model": "base.notification", "pk": 42, "fields": {"userId": 1, "details": "User <b>josepheast</b> has requested to join your event <b>My Birthday Party</b>", "status": 0, "link": "/event/4", "createdAt": "2023-07-10T17:17:55.135Z"}}, {"model": "base.notification", "pk": 43, "fields": {"userId": 10, "details": "User <b>josepheast</b> has requested to join your event <b>Wolfgang s Magical Musical Circus - Circus</b>", "status": 0, "link": "/event/1", "createdAt": "2023-07-10T17:18:00.438Z"}}, {"model": "base.notification", "pk": 44, "fields": {"userId": 10, "details": "User <b>josepheast</b> has requested to join your event <b>Sydney Piano Competition - Preliminaries and Semi-Finals - Chamber Music</b>", "status": 0, "link": "/event/2", "createdAt": "2023-07-10T17:18:03.348Z"}}, {"model": "base.notification", "pk": 45, "fields": {"userId": 4, "details": "User <b>josepheast</b> has requested to join your event <b>Movie Night</b>", "status": 0, "link": "/event/3", "createdAt": "2023-07-10T17:18:06.788Z"}}, {"model": "base.notification", "pk": 46, "fields": {"userId": 7, "details": "User <b>aaronblack</b> has requested to join your event <b>NINJAGO - Children, Kids, Holidays</b>", "status": 0, "link": "/event/13", "createdAt": "2023-07-10T17:18:36.952Z"}}, {"model": "base.notification", "pk": 47, "fields": {"userId": 7, "details": "User <b>aaronblack</b> has requested to join your event <b>Junior Penguin Keeper - Children, Kids, Holidays</b>", "status": 0, "link": "/event/5", "createdAt": "2023-07-10T17:18:55.660Z"}}, {"model": "base.notification", "pk": 48, "fields": {"userId": 8, "details": "User <b>aaronblack</b> has requested to join your event <b>Group Study</b>", "status": 0, "link": "/event/6", "createdAt": "2023-07-10T17:18:58.380Z"}}, {"model": "base.notification", "pk": 49, "fields": {"userId": 3, "details": "User <b>aaronblack</b> has requested to join your event <b>Free Swimming Lesson</b>", "status": 0, "link": "/event/7", "createdAt": "2023-07-10T17:19:04.140Z"}}, {"model": "base.notification", "pk": 50, "fields": {"userId": 8, "details": "User <b>aaronblack</b> has requested to join your event <b>Lord of The Rings Fans Meed Up</b>", "status": 0, "link": "/event/8", "createdAt": "2023-07-10T17:19:07.301Z"}}, {"model": "base.notification", "pk": 51, "fields": {"userId": 1, "details": "User <b>aaronblack</b> has requested to join your event <b>UFC 290 Fight Night Stream</b>", "status": 0, "link": "/event/9", "createdAt": "2023-07-10T17:19:10.401Z"}}, {"model": "base.notification", "pk": 52, "fields": {"userId": 1, "details": "User <b>aaronblack</b> has requested to join your event <b>My Birthday Party</b>", "status": 1, "link": "/event/4", "createdAt": "2023-07-10T17:19:14.048Z"}}, {"model": "base.notification", "pk": 53, "fields": {"userId": 10, "details": "User <b>aaronblack</b> has requested to join your event <b>Wolfgang s Magical Musical Circus - Circus</b>", "status": 0, "link": "/event/1", "createdAt": "2023-07-10T17:19:21.146Z"}}, {"model": "base.notification", "pk": 54, "fields": {"userId": 10, "details": "User <b>aaronblack</b> has requested to join your event <b>Sydney Piano Competition - Preliminaries and Semi-Finals - Chamber Music</b>", "status": 0, "link": "/event/2", "createdAt": "2023-07-10T17:19:24.131Z"}}, {"model": "base.notification", "pk": 55, "fields": {"userId": 4, "details": "User <b>aaronblack</b> has requested to join your event <b>Movie Night</b>", "status": 0, "link": "/event/3", "createdAt": "2023-07-10T17:19:27.299Z"}}, {"model": "base.notification", "pk": 56, "fields": {"userId": 7, "details": "User <b>felixgoodman</b> has requested to join your event <b>NINJAGO - Children, Kids, Holidays</b>", "status": 0, "link": "/event/13", "createdAt": "2023-07-10T17:20:02.066Z"}}, {"model": "base.notification", "pk": 57, "fields": {"userId": 3, "details": "User <b>felixgoodman</b> has requested to join your event <b>Bondi Festival - Festivals</b>", "status": 0, "link": "/event/12", "createdAt": "2023-07-10T17:20:05.008Z"}}, {"model": "base.notification", "pk": 58, "fields": {"userId": 10, "details": "User <b>felixgoodman</b> has requested to join your event <b>Blueback - Theatre</b>", "status": 0, "link": "/event/11", "createdAt": "2023-07-10T17:20:07.730Z"}}, {"model": "base.notification", "pk": 59, "fields": {"userId": 8, "details": "User <b>felixgoodman</b> has requested to join your event <b>Myths and Legends - Family Entertainment</b>", "status": 0, "link": "/event/10", "createdAt": "2023-07-10T17:20:10.373Z"}}, {"model": "base.notification", "pk": 60, "fields": {"userId": 8, "details": "User <b>felixgoodman</b> has requested to join your event <b>Lord of The Rings Fans Meed Up</b>", "status": 0, "link": "/event/8", "createdAt": "2023-07-10T17:20:14.696Z"}}, {"model": "base.notification", "pk": 61, "fields": {"userId": 3, "details": "User <b>felixgoodman</b> has requested to join your event <b>Free Swimming Lesson</b>", "status": 0, "link": "/event/7", "createdAt": "2023-07-10T17:20:19.083Z"}}, {"model": "base.notification", "pk": 62, "fields": {"userId": 8, "details": "User <b>felixgoodman</b> has requested to join your event <b>Group Study</b>", "status": 0, "link": "/event/6", "createdAt": "2023-07-10T17:20:21.834Z"}}, {"model": "base.notification", "pk": 63, "fields": {"userId": 7, "details": "User <b>felixgoodman</b> has requested to join your event <b>Junior Penguin Keeper - Children, Kids, Holidays</b>", "status": 0, "link": "/event/5", "createdAt": "2023-07-10T17:20:24.661Z"}}, {"model": "base.notification", "pk": 64, "fields": {"userId": 10, "details": "User <b>felixgoodman</b> has requested to join your event <b>Wolfgang s Magical Musical Circus - Circus</b>", "status": 0, "link": "/event/1", "createdAt": "2023-07-10T17:20:30.056Z"}}, {"model": "base.notification", "pk": 65, "fields": {"userId": 10, "details": "User <b>felixgoodman</b> has requested to join your event <b>Sydney Piano Competition - Preliminaries and Semi-Finals - Chamber Music</b>", "status": 0, "link": "/event/2", "createdAt": "2023-07-10T17:20:34.169Z"}}, {"model": "base.notification", "pk": 66, "fields": {"userId": 4, "details": "User <b>felixgoodman</b> has requested to join your event <b>Movie Night</b>", "status": 0, "link": "/event/3", "createdAt": "2023-07-10T17:20:36.734Z"}}, {"model": "base.notification", "pk": 67, "fields": {"userId": 7, "details": "Your request to join event <b>UFC 290 Fight Night Stream</b> has been ACCEPTED", "status": 0, "link": "/event/9", "createdAt": "2023-07-10T17:21:13.884Z"}}, {"model": "base.notification", "pk": 68, "fields": {"userId": 9, "details": "Your request to join event <b>UFC 290 Fight Night Stream</b> has been ACCEPTED", "status": 0, "link": "/event/9", "createdAt": "2023-07-10T17:21:27.433Z"}}, {"model": "base.notification", "pk": 69, "fields": {"userId": 5, "details": "Your request to join event <b>UFC 290 Fight Night Stream</b> has been ACCEPTED", "status": 0, "link": "/event/9", "createdAt": "2023-07-10T17:21:28.881Z"}}, {"model": "base.notification", "pk": 70, "fields": {"userId": 6, "details": "Your request to join event <b>UFC 290 Fight Night Stream</b> has been ACCEPTED", "status": 0, "link": "/event/9", "createdAt": "2023-07-10T17:21:30.275Z"}}, {"model": "base.notification", "pk": 71, "fields": {"userId": 6, "details": "Your request to join event <b>My Birthday Party</b> has been ACCEPTED", "status": 0, "link": "/event/4", "createdAt": "2023-07-10T17:22:30.886Z"}}, {"model": "base.notification", "pk": 72, "fields": {"userId": 2, "details": "Your request to join event <b>My Birthday Party</b> has been ACCEPTED", "status": 0, "link": "/event/4", "createdAt": "2023-07-10T17:22:32.015Z"}}, {"model": "base.notification", "pk": 73, "fields": {"userId": 5, "details": "Your request to join event <b>My Birthday Party</b> has been ACCEPTED", "status": 0, "link": "/event/4", "createdAt": "2023-07-10T17:22:33.717Z"}}, {"model": "base.notification", "pk": 74, "fields": {"userId": 7, "details": "User <b>kevinsmith</b> has requested to join your event <b>NINJAGO - Children, Kids, Holidays</b>", "status": 0, "link": "/event/13", "createdAt": "2023-07-10T17:24:47.068Z"}}, {"model": "base.notification", "pk": 75, "fields": {"userId": 8, "details": "User <b>kevinsmith</b> has requested to join your event <b>Group Study</b>", "status": 0, "link": "/event/6", "createdAt": "2023-07-10T17:25:13.392Z"}}, {"model": "base.notification", "pk": 76, "fields": {"userId": 3, "details": "User <b>kevinsmith</b> has requested to join your event <b>Free Swimming Lesson</b>", "status": 0, "link": "/event/7", "createdAt": "2023-07-10T17:25:16.280Z"}}, {"model": "base.notification", "pk": 77, "fields": {"userId": 8, "details": "User <b>kevinsmith</b> has requested to join your event <b>Lord of The Rings Fans Meed Up</b>", "status": 0, "link": "/event/8", "createdAt": "2023-07-10T17:25:19.061Z"}}, {"model": "base.notification", "pk": 78, "fields": {"userId": 1, "details": "User <b>kevinsmith</b> has requested to join your event <b>UFC 290 Fight Night Stream</b>", "status": 0, "link": "/event/9", "createdAt": "2023-07-10T17:25:21.805Z"}}, {"model": "base.notification", "pk": 79, "fields": {"userId": 8, "details": "User <b>kevinsmith</b> has requested to join your event <b>Myths and Legends - Family Entertainment</b>", "status": 0, "link": "/event/10", "createdAt": "2023-07-10T17:25:24.329Z"}}, {"model": "base.notification", "pk": 80, "fields": {"userId": 10, "details": "User <b>kevinsmith</b> has requested to join your event <b>Blueback - Theatre</b>", "status": 0, "link": "/event/11", "createdAt": "2023-07-10T17:25:26.752Z"}}, {"model": "base.notification", "pk": 81, "fields": {"userId": 3, "details": "User <b>kevinsmith</b> has requested to join your event <b>Bondi Festival - Festivals</b>", "status": 0, "link": "/event/12", "createdAt": "2023-07-10T17:25:29.191Z"}}, {"model": "base.notification", "pk": 82, "fields": {"userId": 7, "details": "User <b>kevinsmith</b> has requested to join your event <b>Junior Penguin Keeper - Children, Kids, Holidays</b>", "status": 0, "link": "/event/5", "createdAt": "2023-07-10T17:25:33.929Z"}}, {"model": "base.notification", "pk": 83, "fields": {"userId": 1, "details": "User <b>kevinsmith</b> has requested to join your event <b>My Birthday Party</b>", "status": 0, "link": "/event/4", "createdAt": "2023-07-10T17:25:36.095Z"}}, {"model": "base.notification", "pk": 84, "fields": {"userId": 1, "details": "User <b>leexavier</b> commented on your event <b>UFC 290 Fight Night Stream</b>", "status": 0, "link": "/event/9", "createdAt": "2023-07-10T17:35:14.352Z"}}, {"model": "base.notification", "pk": 85, "fields": {"userId": 1, "details": "User <b>leexavier</b> commented on your event <b>UFC 290 Fight Night Stream</b>", "status": 0, "link": "/event/9", "createdAt": "2023-07-10T17:35:26.450Z"}}, {"model": "base.notification", "pk": 86, "fields": {"userId": 7, "details": "User <b>walterhuberman</b> has requested to join your event <b>NINJAGO - Children, Kids, Holidays</b>", "status": 0, "link": "/event/13", "createdAt": "2023-07-10T17:49:57.121Z"}}, {"model": "base.notification", "pk": 87, "fields": {"userId": 3, "details": "User <b>walterhuberman</b> has requested to join your event <b>Bondi Festival - Festivals</b>", "status": 0, "link": "/event/12", "createdAt": "2023-07-10T17:50:01.589Z"}}, {"model": "base.notification", "pk": 88, "fields": {"userId": 8, "details": "User <b>walterhuberman</b> has requested to join your event <b>Myths and Legends - Family Entertainment</b>", "status": 0, "link": "/event/10", "createdAt": "2023-07-10T17:50:04.597Z"}}, {"model": "base.notification", "pk": 89, "fields": {"userId": 1, "details": "User <b>walterhuberman</b> has requested to join your event <b>UFC 290 Fight Night Stream</b>", "status": 0, "link": "/event/9", "createdAt": "2023-07-10T17:50:08.462Z"}}, {"model": "base.notification", "pk": 90, "fields": {"userId": 8, "details": "User <b>walterhuberman</b> has requested to join your event <b>Lord of The Rings Fans Meed Up</b>", "status": 0, "link": "/event/8", "createdAt": "2023-07-10T17:50:13.240Z"}}, {"model": "base.notification", "pk": 91, "fields": {"userId": 3, "details": "User <b>walterhuberman</b> has requested to join your event <b>Free Swimming Lesson</b>", "status": 0, "link": "/event/7", "createdAt": "2023-07-10T17:50:16.191Z"}}, {"model": "base.notification", "pk": 92, "fields": {"userId": 8, "details": "User <b>walterhuberman</b> has requested to join your event <b>Group Study</b>", "status": 0, "link": "/event/6", "createdAt": "2023-07-10T17:50:20.256Z"}}, {"model": "base.notification", "pk": 93, "fields": {"userId": 7, "details": "User <b>walterhuberman</b> has requested to join your event <b>Junior Penguin Keeper - Children, Kids, Holidays</b>", "status": 1, "link": "/event/5", "createdAt": "2023-07-10T17:50:23.714Z"}}, {"model": "base.notification", "pk": 94, "fields": {"userId": 1, "details": "User <b>walterhuberman</b> has requested to join your event <b>My Birthday Party</b>", "status": 0, "link": "/event/4", "createdAt": "2023-07-10T17:50:25.996Z"}}, {"model": "base.notification", "pk": 95, "fields": {"userId": 4, "details": "User <b>walterhuberman</b> has requested to join your event <b>Movie Night</b>", "status": 0, "link": "/event/3", "createdAt": "2023-07-10T17:50:32.133Z"}}, {"model": "base.notification", "pk": 96, "fields": {"userId": 7, "details": "User <b>evagreen</b> has requested to join your event <b>NINJAGO - Children, Kids, Holidays</b>", "status": 0, "link": "/event/13", "createdAt": "2023-07-10T17:52:18.133Z"}}, {"model": "base.notification", "pk": 97, "fields": {"userId": 3, "details": "User <b>evagreen</b> has requested to join your event <b>Bondi Festival - Festivals</b>", "status": 1, "link": "/event/12", "createdAt": "2023-07-10T17:52:20.984Z"}}, {"model": "base.notification", "pk": 98, "fields": {"userId": 10, "details": "User <b>evagreen</b> has requested to join your event <b>Blueback - Theatre</b>", "status": 0, "link": "/event/11", "createdAt": "2023-07-10T17:52:23.752Z"}}, {"model": "base.notification", "pk": 99, "fields": {"userId": 1, "details": "User <b>evagreen</b> has requested to join your event <b>UFC 290 Fight Night Stream</b>", "status": 0, "link": "/event/9", "createdAt": "2023-07-10T17:52:26.712Z"}}, {"model": "base.notification", "pk": 100, "fields": {"userId": 3, "details": "User <b>evagreen</b> has requested to join your event <b>Free Swimming Lesson</b>", "status": 1, "link": "/event/7", "createdAt": "2023-07-10T17:52:29.784Z"}}, {"model": "base.notification", "pk": 101, "fields": {"userId": 1, "details": "User <b>evagreen</b> has requested to join your event <b>My Birthday Party</b>", "status": 0, "link": "/event/4", "createdAt": "2023-07-10T17:52:34.501Z"}}, {"model": "base.notification", "pk": 102, "fields": {"userId": 7, "details": "User <b>evagreen</b> has requested to join your event <b>Junior Penguin Keeper - Children, Kids, Holidays</b>", "status": 0, "link": "/event/5", "createdAt": "2023-07-10T17:52:37.131Z"}}, {"model": "base.notification", "pk": 103, "fields": {"userId": 10, "details": "User <b>evagreen</b> has requested to join your event <b>Wolfgang s Magical Musical Circus - Circus</b>", "status": 0, "link": "/event/1", "createdAt": "2023-07-10T17:52:42.971Z"}}, {"model": "base.notification", "pk": 104, "fields": {"userId": 10, "details": "User <b>evagreen</b> has requested to join your event <b>Sydney Piano Competition - Preliminaries and Semi-Finals - Chamber Music</b>", "status": 0, "link": "/event/2", "createdAt": "2023-07-10T17:52:45.571Z"}}, {"model": "base.notification", "pk": 105, "fields": {"userId": 4, "details": "User <b>evagreen</b> has requested to join your event <b>Movie Night</b>", "status": 0, "link": "/event/3", "createdAt": "2023-07-10T17:52:48.371Z"}}, {"model": "base.notification", "pk": 106, "fields": {"userId": 7, "details": "User <b>solomonwest</b> has requested to join your event <b>NINJAGO - Children, Kids, Holidays</b>", "status": 1, "link": "/event/13", "createdAt": "2023-07-10T17:53:23.339Z"}}, {"model": "base.notification", "pk": 107, "fields": {"userId": 10, "details": "User <b>solomonwest</b> has requested to join your event <b>Blueback - Theatre</b>", "status": 0, "link": "/event/11", "createdAt": "2023-07-10T17:53:27.151Z"}}, {"model": "base.notification", "pk": 108, "fields": {"userId": 8, "details": "User <b>solomonwest</b> has requested to join your event <b>Myths and Legends - Family Entertainment</b>", "status": 0, "link": "/event/10", "createdAt": "2023-07-10T17:53:31.521Z"}}, {"model": "base.notification", "pk": 109, "fields": {"userId": 1, "details": "User <b>solomonwest</b> has requested to join your event <b>UFC 290 Fight Night Stream</b>", "status": 0, "link": "/event/9", "createdAt": "2023-07-10T17:53:34.146Z"}}, {"model": "base.notification", "pk": 110, "fields": {"userId": 8, "details": "User <b>solomonwest</b> has requested to join your event <b>Lord of The Rings Fans Meed Up</b>", "status": 0, "link": "/event/8", "createdAt": "2023-07-10T17:53:36.779Z"}}, {"model": "base.notification", "pk": 111, "fields": {"userId": 8, "details": "User <b>solomonwest</b> has requested to join your event <b>Group Study</b>", "status": 0, "link": "/event/6", "createdAt": "2023-07-10T17:53:42.070Z"}}, {"model": "base.notification", "pk": 112, "fields": {"userId": 7, "details": "User <b>solomonwest</b> has requested to join your event <b>Junior Penguin Keeper - Children, Kids, Holidays</b>", "status": 0, "link": "/event/5", "createdAt": "2023-07-10T17:53:45.531Z"}}, {"model": "base.notification", "pk": 113, "fields": {"userId": 1, "details": "User <b>solomonwest</b> has requested to join your event <b>My Birthday Party</b>", "status": 0, "link": "/event/4", "createdAt": "2023-07-10T17:53:48.291Z"}}, {"model": "base.notification", "pk": 114, "fields": {"userId": 10, "details": "User <b>solomonwest</b> has requested to join your event <b>Wolfgang s Magical Musical Circus - Circus</b>", "status": 0, "link": "/event/1", "createdAt": "2023-07-10T17:53:52.655Z"}}, {"model": "base.notification", "pk": 115, "fields": {"userId": 10, "details": "User <b>solomonwest</b> has requested to join your event <b>Sydney Piano Competition - Preliminaries and Semi-Finals - Chamber Music</b>", "status": 0, "link": "/event/2", "createdAt": "2023-07-10T17:53:55.665Z"}}, {"model": "base.notification", "pk": 116, "fields": {"userId": 4, "details": "User <b>solomonwest</b> has requested to join your event <b>Movie Night</b>", "status": 0, "link": "/event/3", "createdAt": "2023-07-10T17:53:58.494Z"}}, {"model": "base.notification", "pk": 117, "fields": {"userId": 7, "details": "Your request to join event <b>Free Swimming Lesson</b> has been ACCEPTED", "status": 0, "link": "/event/7", "createdAt": "2023-07-10T18:03:12.365Z"}}, {"model": "base.notification", "pk": 118, "fields": {"userId": 9, "details": "Your request to join event <b>Free Swimming Lesson</b> has been ACCEPTED", "status": 0, "link": "/event/7", "createdAt": "2023-07-10T18:03:13.742Z"}}, {"model": "base.notification", "pk": 119, "fields": {"userId": 5, "details": "Your request to join event <b>Free Swimming Lesson</b> has been ACCEPTED", "status": 0, "link": "/event/7", "createdAt": "2023-07-10T18:03:15.149Z"}}, {"model": "base.notification", "pk": 120, "fields": {"userId": 6, "details": "Your request to join event <b>Free Swimming Lesson</b> has been ACCEPTED", "status": 0, "link": "/event/7", "createdAt": "2023-07-10T18:03:16.338Z"}}, {"model": "base.notification", "pk": 121, "fields": {"userId": 7, "details": "Your request to join event <b>Bondi Festival - Festivals</b> has been ACCEPTED", "status": 1, "link": "/event/12", "createdAt": "2023-07-10T18:06:34.438Z"}}, {"model": "base.notification", "pk": 122, "fields": {"userId": 2, "details": "Your request to join event <b>Bondi Festival - Festivals</b> has been ACCEPTED", "status": 0, "link": "/event/12", "createdAt": "2023-07-10T18:06:35.547Z"}}, {"model": "base.notification", "pk": 123, "fields": {"userId": 5, "details": "Your request to join event <b>Bondi Festival - Festivals</b> has been ACCEPTED", "status": 0, "link": "/event/12", "createdAt": "2023-07-10T18:06:36.626Z"}}, {"model": "base.notification", "pk": 124, "fields": {"userId": 1, "details": "Your request to join event <b>Bondi Festival - Festivals</b> has been ACCEPTED", "status": 0, "link": "/event/12", "createdAt": "2023-07-10T18:06:38.015Z"}}, {"model": "base.notification", "pk": 125, "fields": {"userId": 4, "details": "Your request to join event <b>Bondi Festival - Festivals</b> has been ACCEPTED", "status": 0, "link": "/event/12", "createdAt": "2023-07-10T18:06:39.119Z"}}, {"model": "base.notification", "pk": 126, "fields": {"userId": 10, "details": "Your request to join event <b>Bondi Festival - Festivals</b> has been ACCEPTED", "status": 0, "link": "/event/12", "createdAt": "2023-07-10T18:06:40.043Z"}}, {"model": "base.notification", "pk": 127, "fields": {"userId": 8, "details": "Your request to join event <b>Bondi Festival - Festivals</b> has been ACCEPTED", "status": 0, "link": "/event/12", "createdAt": "2023-07-10T18:06:41.118Z"}}, {"model": "base.notification", "pk": 128, "fields": {"userId": 9, "details": "Your request to join event <b>Junior Penguin Keeper - Children, Kids, Holidays</b> has been ACCEPTED", "status": 0, "link": "/event/5", "createdAt": "2023-07-10T18:08:22.418Z"}}, {"model": "base.notification", "pk": 129, "fields": {"userId": 2, "details": "Your request to join event <b>Junior Penguin Keeper - Children, Kids, Holidays</b> has been ACCEPTED", "status": 0, "link": "/event/5", "createdAt": "2023-07-10T18:08:24.048Z"}}, {"model": "base.notification", "pk": 130, "fields": {"userId": 5, "details": "Your request to join event <b>Junior Penguin Keeper - Children, Kids, Holidays</b> has been ACCEPTED", "status": 0, "link": "/event/5", "createdAt": "2023-07-10T18:08:25.715Z"}}, {"model": "base.notification", "pk": 131, "fields": {"userId": 6, "details": "Your request to join event <b>Junior Penguin Keeper - Children, Kids, Holidays</b> has been ACCEPTED", "status": 0, "link": "/event/5", "createdAt": "2023-07-10T18:08:26.853Z"}}, {"model": "base.notification", "pk": 132, "fields": {"userId": 1, "details": "Your request to join event <b>Junior Penguin Keeper - Children, Kids, Holidays</b> has been ACCEPTED", "status": 0, "link": "/event/5", "createdAt": "2023-07-10T18:08:28.041Z"}}, {"model": "base.notification", "pk": 133, "fields": {"userId": 4, "details": "Your request to join event <b>Junior Penguin Keeper - Children, Kids, Holidays</b> has been ACCEPTED", "status": 0, "link": "/event/5", "createdAt": "2023-07-10T18:08:34.831Z"}}, {"model": "base.notification", "pk": 134, "fields": {"userId": 10, "details": "Your request to join event <b>Junior Penguin Keeper - Children, Kids, Holidays</b> has been ACCEPTED", "status": 0, "link": "/event/5", "createdAt": "2023-07-10T18:08:36.409Z"}}, {"model": "base.notification", "pk": 135, "fields": {"userId": 8, "details": "Your request to join event <b>Junior Penguin Keeper - Children, Kids, Holidays</b> has been ACCEPTED", "status": 0, "link": "/event/5", "createdAt": "2023-07-10T18:08:37.470Z"}}, {"model": "base.notification", "pk": 136, "fields": {"userId": 3, "details": "Your request to join event <b>Junior Penguin Keeper - Children, Kids, Holidays</b> has been ACCEPTED", "status": 0, "link": "/event/5", "createdAt": "2023-07-10T18:08:38.753Z"}}, {"model": "base.notification", "pk": 137, "fields": {"userId": 9, "details": "Your request to join event <b>NINJAGO - Children, Kids, Holidays</b> has been ACCEPTED", "status": 0, "link": "/event/13", "createdAt": "2023-07-10T18:09:33.540Z"}}, {"model": "base.notification", "pk": 138, "fields": {"userId": 5, "details": "Your request to join event <b>NINJAGO - Children, Kids, Holidays</b> has been ACCEPTED", "status": 0, "link": "/event/13", "createdAt": "2023-07-10T18:09:34.853Z"}}, {"model": "base.notification", "pk": 139, "fields": {"userId": 6, "details": "Your request to join event <b>NINJAGO - Children, Kids, Holidays</b> has been ACCEPTED", "status": 0, "link": "/event/13", "createdAt": "2023-07-10T18:09:37.107Z"}}, {"model": "base.notification", "pk": 140, "fields": {"userId": 1, "details": "Your request to join event <b>NINJAGO - Children, Kids, Holidays</b> has been ACCEPTED", "status": 0, "link": "/event/13", "createdAt": "2023-07-10T18:09:38.403Z"}}, {"model": "base.notification", "pk": 141, "fields": {"userId": 4, "details": "Your request to join event <b>NINJAGO - Children, Kids, Holidays</b> has been ACCEPTED", "status": 0, "link": "/event/13", "createdAt": "2023-07-10T18:09:39.716Z"}}, {"model": "base.notification", "pk": 142, "fields": {"userId": 10, "details": "Your request to join event <b>NINJAGO - Children, Kids, Holidays</b> has been ACCEPTED", "status": 0, "link": "/event/13", "createdAt": "2023-07-10T18:09:40.699Z"}}, {"model": "base.notification", "pk": 143, "fields": {"userId": 8, "details": "Your request to join event <b>NINJAGO - Children, Kids, Holidays</b> has been ACCEPTED", "status": 0, "link": "/event/13", "createdAt": "2023-07-10T18:09:41.911Z"}}, {"model": "base.uservote", "pk": 1, "fields": {"votedUserId": 8, "voterId": 7, "status": 1, "createdAt": "2023-07-10T07:03:52.164Z"}}, {"model": "base.uservote", "pk": 5, "fields": {"votedUserId": 10, "voterId": 7, "status": 1, "createdAt": "2023-07-10T07:04:21.779Z"}}, {"model": "base.uservote", "pk": 6, "fields": {"votedUserId": 3, "voterId": 7, "status": 1, "createdAt": "2023-07-10T07:04:47.294Z"}}, {"model": "base.uservote", "pk": 7, "fields": {"votedUserId": 1, "voterId": 7, "status": 1, "createdAt": "2023-07-10T07:10:20.755Z"}}, {"model": "base.uservote", "pk": 8, "fields": {"votedUserId": 4, "voterId": 7, "status": 1, "createdAt": "2023-07-10T07:10:32.358Z"}}, {"model": "base.uservote", "pk": 9, "fields": {"votedUserId": 10, "voterId": 9, "status": 1, "createdAt": "2023-07-10T07:15:42.963Z"}}, {"model": "base.uservote", "pk": 10, "fields": {"votedUserId": 3, "voterId": 9, "status": 1, "createdAt": "2023-07-10T07:15:47.903Z"}}, {"model": "base.uservote", "pk": 11, "fields": {"votedUserId": 7, "voterId": 9, "status": 1, "createdAt": "2023-07-10T07:15:52.253Z"}}, {"model": "base.uservote", "pk": 12, "fields": {"votedUserId": 4, "voterId": 2, "status": 1, "createdAt": "2023-07-10T07:16:56.333Z"}}, {"model": "base.uservote", "pk": 13, "fields": {"votedUserId": 10, "voterId": 2, "status": 1, "createdAt": "2023-07-10T07:16:58.503Z"}}, {"model": "base.uservote", "pk": 14, "fields": {"votedUserId": 7, "voterId": 2, "status": 1, "createdAt": "2023-07-10T07:17:05.432Z"}}, {"model": "base.uservote", "pk": 15, "fields": {"votedUserId": 8, "voterId": 2, "status": 1, "createdAt": "2023-07-10T07:17:07.786Z"}}, {"model": "base.uservote", "pk": 16, "fields": {"votedUserId": 7, "voterId": 6, "status": 1, "createdAt": "2023-07-10T07:18:39.659Z"}}, {"model": "base.uservote", "pk": 17, "fields": {"votedUserId": 10, "voterId": 6, "status": 1, "createdAt": "2023-07-10T07:18:43.333Z"}}, {"model": "base.uservote", "pk": 18, "fields": {"votedUserId": 8, "voterId": 6, "status": 1, "createdAt": "2023-07-10T07:18:46.189Z"}}, {"model": "base.uservote", "pk": 19, "fields": {"votedUserId": 7, "voterId": 4, "status": 1, "createdAt": "2023-07-10T07:24:49.950Z"}}, {"model": "base.uservote", "pk": 20, "fields": {"votedUserId": 3, "voterId": 4, "status": 1, "createdAt": "2023-07-10T07:24:52.380Z"}}, {"model": "base.uservote", "pk": 21, "fields": {"votedUserId": 10, "voterId": 4, "status": 1, "createdAt": "2023-07-10T07:24:55.242Z"}}, {"model": "base.uservote", "pk": 22, "fields": {"votedUserId": 4, "voterId": 3, "status": 1, "createdAt": "2023-07-10T07:54:32.307Z"}}, {"model": "base.uservote", "pk": 23, "fields": {"votedUserId": 10, "voterId": 3, "status": 1, "createdAt": "2023-07-10T07:54:35.757Z"}}, {"model": "token_blacklist.outstandingtoken", "pk": 1, "fields": {"user": 1, "jti": "9f9e7326627b49239de61a8017d2858e", "token": "eyJ0eXAiOiJKV1QiLCJhbGciOiJIUzI1NiJ9.eyJ0b2tlbl90eXBlIjoicmVmcmVzaCIsImV4cCI6MTY4OTA1MTg3MywiaWF0IjoxNjg4OTY1NDczLCJqdGkiOiI5ZjllNzMyNjYyN2I0OTIzOWRlNjFhODAxN2QyODU4ZSIsInVzZXJfaWQiOjF9.vYbvsuxfR6iotEJxeJ7wapNRK99zPO9Aa0h8c02HHIQ", "created_at": "2023-07-10T05:04:33.477Z", "expires_at": "2023-07-11T05:04:33Z"}}, {"model": "token_blacklist.outstandingtoken", "pk": 2, "fields": {"user": 1, "jti": "fdce113fb3574e9e8e70153661f71833", "token": "eyJ0eXAiOiJKV1QiLCJhbGciOiJIUzI1NiJ9.eyJ0b2tlbl90eXBlIjoicmVmcmVzaCIsImV4cCI6MTY4OTA1MTg3MywiaWF0IjoxNjg4OTY1NDczLCJqdGkiOiJmZGNlMTEzZmIzNTc0ZTllOGU3MDE1MzY2MWY3MTgzMyIsInVzZXJfaWQiOjF9.Ex1tbO09kg21C-6JByNMdZ9lzqPN-GeS4EYC37_ufn8", "created_at": "2023-07-10T05:04:33.517Z", "expires_at": "2023-07-11T05:04:33Z"}}, {"model": "token_blacklist.outstandingtoken", "pk": 3, "fields": {"user": 8, "jti": "e76484971a5348c7a9430ac7969a138d", "token": "eyJ0eXAiOiJKV1QiLCJhbGciOiJIUzI1NiJ9.eyJ0b2tlbl90eXBlIjoicmVmcmVzaCIsImV4cCI6MTY4OTA1MzAwNiwiaWF0IjoxNjg4OTY2NjA2LCJqdGkiOiJlNzY0ODQ5NzFhNTM0OGM3YTk0MzBhYzc5NjlhMTM4ZCIsInVzZXJfaWQiOjh9.WeovWVRwi-skvM3a-noW3ZiGHlMjxxB9RVnut2MfuBs", "created_at": "2023-07-10T05:23:26.964Z", "expires_at": "2023-07-11T05:23:26Z"}}, {"model": "token_blacklist.outstandingtoken", "pk": 4, "fields": {"user": 8, "jti": "c95290282d2c4223b5fc15b65451ca46", "token": "eyJ0eXAiOiJKV1QiLCJhbGciOiJIUzI1NiJ9.eyJ0b2tlbl90eXBlIjoicmVmcmVzaCIsImV4cCI6MTY4OTA1MzAwNiwiaWF0IjoxNjg4OTY2NjA2LCJqdGkiOiJjOTUyOTAyODJkMmM0MjIzYjVmYzE1YjY1NDUxY2E0NiIsInVzZXJfaWQiOjh9.-WvXmIVfjUL72YUbFWmZy17GcJEjAEpZazGkDEgkpJE", "created_at": "2023-07-10T05:23:26.973Z", "expires_at": "2023-07-11T05:23:26Z"}}, {"model": "token_blacklist.outstandingtoken", "pk": 5, "fields": {"user": 10, "jti": "3a94d60ebfce4c2cb9fc10d5fc10da95", "token": "eyJ0eXAiOiJKV1QiLCJhbGciOiJIUzI1NiJ9.eyJ0b2tlbl90eXBlIjoicmVmcmVzaCIsImV4cCI6MTY4OTA1MzM4NywiaWF0IjoxNjg4OTY2OTg3LCJqdGkiOiIzYTk0ZDYwZWJmY2U0YzJjYjlmYzEwZDVmYzEwZGE5NSIsInVzZXJfaWQiOjEwfQ.CCYr7M_hG2BB2Eyh18BSJj7F8DnzdYJ9yWgi9hGO59o", "created_at": "2023-07-10T05:29:47.477Z", "expires_at": "2023-07-11T05:29:47Z"}}, {"model": "token_blacklist.outstandingtoken", "pk": 6, "fields": {"user": 10, "jti": "d1cbce4b5f634f3e918924730540d90b", "token": "eyJ0eXAiOiJKV1QiLCJhbGciOiJIUzI1NiJ9.eyJ0b2tlbl90eXBlIjoicmVmcmVzaCIsImV4cCI6MTY4OTA1MzM4NywiaWF0IjoxNjg4OTY2OTg3LCJqdGkiOiJkMWNiY2U0YjVmNjM0ZjNlOTE4OTI0NzMwNTQwZDkwYiIsInVzZXJfaWQiOjEwfQ.jzfL_8oPdOd-Nc_xyyybLI6tRTd9p0BCe0Y9YtPmeyo", "created_at": "2023-07-10T05:29:47.495Z", "expires_at": "2023-07-11T05:29:47Z"}}, {"model": "token_blacklist.outstandingtoken", "pk": 7, "fields": {"user": 10, "jti": "f4ac33c8a1214d8b939cbaa455fdf158", "token": "eyJ0eXAiOiJKV1QiLCJhbGciOiJIUzI1NiJ9.eyJ0b2tlbl90eXBlIjoicmVmcmVzaCIsImV4cCI6MTY4OTA1Mzk0OSwiaWF0IjoxNjg4OTY3NTQ5LCJqdGkiOiJmNGFjMzNjOGExMjE0ZDhiOTM5Y2JhYTQ1NWZkZjE1OCIsInVzZXJfaWQiOjEwfQ.aCT6rJIS697TAC-y-m6WE2d2ImLLSH6MuuhPolcOo58", "created_at": "2023-07-10T05:39:09.218Z", "expires_at": "2023-07-11T05:39:09Z"}}, {"model": "token_blacklist.outstandingtoken", "pk": 8, "fields": {"user": 10, "jti": "439e8a0d8b5c4a0e90a8d80581ae703b", "token": "eyJ0eXAiOiJKV1QiLCJhbGciOiJIUzI1NiJ9.eyJ0b2tlbl90eXBlIjoicmVmcmVzaCIsImV4cCI6MTY4OTA1Mzk0OSwiaWF0IjoxNjg4OTY3NTQ5LCJqdGkiOiI0MzllOGEwZDhiNWM0YTBlOTBhOGQ4MDU4MWFlNzAzYiIsInVzZXJfaWQiOjEwfQ.2BGfef14-GaaZXTLODswdP_jm92XGPLykFwInHDnr_A", "created_at": "2023-07-10T05:39:09.228Z", "expires_at": "2023-07-11T05:39:09Z"}}, {"model": "token_blacklist.outstandingtoken", "pk": 9, "fields": {"user": 4, "jti": "ec4638ffcf604c46ae9640d444b23bff", "token": "eyJ0eXAiOiJKV1QiLCJhbGciOiJIUzI1NiJ9.eyJ0b2tlbl90eXBlIjoicmVmcmVzaCIsImV4cCI6MTY4OTA1NDgxNCwiaWF0IjoxNjg4OTY4NDE0LCJqdGkiOiJlYzQ2MzhmZmNmNjA0YzQ2YWU5NjQwZDQ0NGIyM2JmZiIsInVzZXJfaWQiOjR9.zoRPpsN6JYKWc_9_EhSAR-h8VtwA775TUR9ONtGWgU0", "created_at": "2023-07-10T05:53:34.341Z", "expires_at": "2023-07-11T05:53:34Z"}}, {"model": "token_blacklist.outstandingtoken", "pk": 10, "fields": {"user": 4, "jti": "fe5d943047e14159aa949977225fd9f0", "token": "eyJ0eXAiOiJKV1QiLCJhbGciOiJIUzI1NiJ9.eyJ0b2tlbl90eXBlIjoicmVmcmVzaCIsImV4cCI6MTY4OTA1NDgxNCwiaWF0IjoxNjg4OTY4NDE0LCJqdGkiOiJmZTVkOTQzMDQ3ZTE0MTU5YWE5NDk5NzcyMjVmZDlmMCIsInVzZXJfaWQiOjR9.7Sm6NuqsT4XJPiu_NzTr1GHLGVcQ0cO2qh_wHgtEfhY", "created_at": "2023-07-10T05:53:34.350Z", "expires_at": "2023-07-11T05:53:34Z"}}, {"model": "token_blacklist.outstandingtoken", "pk": 11, "fields": {"user": 1, "jti": "5e44977f931848c0bbc1c23fea11bad5", "token": "eyJ0eXAiOiJKV1QiLCJhbGciOiJIUzI1NiJ9.eyJ0b2tlbl90eXBlIjoicmVmcmVzaCIsImV4cCI6MTY4OTA1NDg5NCwiaWF0IjoxNjg4OTY4NDk0LCJqdGkiOiI1ZTQ0OTc3ZjkzMTg0OGMwYmJjMWMyM2ZlYTExYmFkNSIsInVzZXJfaWQiOjF9.v3TKd1ylsDxuOJHRZoH4GdMDHqynXGz1HXwZ8XsR7ZQ", "created_at": "2023-07-10T05:54:54.415Z", "expires_at": "2023-07-11T05:54:54Z"}}, {"model": "token_blacklist.outstandingtoken", "pk": 12, "fields": {"user": 1, "jti": "a7adb6ed64a749f3a0d135358571113c", "token": "eyJ0eXAiOiJKV1QiLCJhbGciOiJIUzI1NiJ9.eyJ0b2tlbl90eXBlIjoicmVmcmVzaCIsImV4cCI6MTY4OTA1NDg5NCwiaWF0IjoxNjg4OTY4NDk0LCJqdGkiOiJhN2FkYjZlZDY0YTc0OWYzYTBkMTM1MzU4NTcxMTEzYyIsInVzZXJfaWQiOjF9.hoHcgLYUZLg6bfpVmZSyrX1K_3ufL8hS-VJAlXEM94A", "created_at": "2023-07-10T05:54:54.433Z", "expires_at": "2023-07-11T05:54:54Z"}}, {"model": "token_blacklist.outstandingtoken", "pk": 13, "fields": {"user": 7, "jti": "dcfb7cbd310843c5a5ff3e0f17f8054a", "token": "eyJ0eXAiOiJKV1QiLCJhbGciOiJIUzI1NiJ9.eyJ0b2tlbl90eXBlIjoicmVmcmVzaCIsImV4cCI6MTY4OTA1NTg0MywiaWF0IjoxNjg4OTY5NDQzLCJqdGkiOiJkY2ZiN2NiZDMxMDg0M2M1YTVmZjNlMGYxN2Y4MDU0YSIsInVzZXJfaWQiOjd9.SJ6v_0tPitH3ysB42ED7wzFvVqsrDHJGWE-5w70xcmw", "created_at": "2023-07-10T06:10:43.015Z", "expires_at": "2023-07-11T06:10:43Z"}}, {"model": "token_blacklist.outstandingtoken", "pk": 14, "fields": {"user": 7, "jti": "a42960f3b0e04029bc68ecc3bceffa64", "token": "eyJ0eXAiOiJKV1QiLCJhbGciOiJIUzI1NiJ9.eyJ0b2tlbl90eXBlIjoicmVmcmVzaCIsImV4cCI6MTY4OTA1NTg0MywiaWF0IjoxNjg4OTY5NDQzLCJqdGkiOiJhNDI5NjBmM2IwZTA0MDI5YmM2OGVjYzNiY2VmZmE2NCIsInVzZXJfaWQiOjd9.8UrkgEDKaelmAZrKiMln4vDpDMEPCfau10Rh0NlkX-I", "created_at": "2023-07-10T06:10:43.033Z", "expires_at": "2023-07-11T06:10:43Z"}}, {"model": "token_blacklist.outstandingtoken", "pk": 15, "fields": {"user": 8, "jti": "b91aa1497c9a4983b37016fc1912645c", "token": "eyJ0eXAiOiJKV1QiLCJhbGciOiJIUzI1NiJ9.eyJ0b2tlbl90eXBlIjoicmVmcmVzaCIsImV4cCI6MTY4OTA1NTkxNSwiaWF0IjoxNjg4OTY5NTE1LCJqdGkiOiJiOTFhYTE0OTdjOWE0OTgzYjM3MDE2ZmMxOTEyNjQ1YyIsInVzZXJfaWQiOjh9.TOVW9EQJqzs2BdCCbYnEsMqQSOdBe1wXA_9UkZm2RKI", "created_at": "2023-07-10T06:11:55.897Z", "expires_at": "2023-07-11T06:11:55Z"}}, {"model": "token_blacklist.outstandingtoken", "pk": 16, "fields": {"user": 8, "jti": "e4acfefbc7e147fea3571fc0c8db5fc3", "token": "eyJ0eXAiOiJKV1QiLCJhbGciOiJIUzI1NiJ9.eyJ0b2tlbl90eXBlIjoicmVmcmVzaCIsImV4cCI6MTY4OTA1NTkxNSwiaWF0IjoxNjg4OTY5NTE1LCJqdGkiOiJlNGFjZmVmYmM3ZTE0N2ZlYTM1NzFmYzBjOGRiNWZjMyIsInVzZXJfaWQiOjh9.9LTSU60zKWASmxV26ihUhOsxg-P7UKbtS2cn6kEzQto", "created_at": "2023-07-10T06:11:55.931Z", "expires_at": "2023-07-11T06:11:55Z"}}, {"model": "token_blacklist.outstandingtoken", "pk": 17, "fields": {"user": 3, "jti": "7c905f6c94784a2cb9a06043e772673d", "token": "eyJ0eXAiOiJKV1QiLCJhbGciOiJIUzI1NiJ9.eyJ0b2tlbl90eXBlIjoicmVmcmVzaCIsImV4cCI6MTY4OTA1NjA1MCwiaWF0IjoxNjg4OTY5NjUwLCJqdGkiOiI3YzkwNWY2Yzk0Nzg0YTJjYjlhMDYwNDNlNzcyNjczZCIsInVzZXJfaWQiOjN9.sN9vZkQgvAoVO5wJN4HcwmIHgx5HQ7yfubgtBg2ITlI", "created_at": "2023-07-10T06:14:10.530Z", "expires_at": "2023-07-11T06:14:10Z"}}, {"model": "token_blacklist.outstandingtoken", "pk": 18, "fields": {"user": 3, "jti": "44439845a8c44f6998c22380c19517bd", "token": "eyJ0eXAiOiJKV1QiLCJhbGciOiJIUzI1NiJ9.eyJ0b2tlbl90eXBlIjoicmVmcmVzaCIsImV4cCI6MTY4OTA1NjA1MCwiaWF0IjoxNjg4OTY5NjUwLCJqdGkiOiI0NDQzOTg0NWE4YzQ0ZjY5OThjMjIzODBjMTk1MTdiZCIsInVzZXJfaWQiOjN9.WWMsNiMS50kLlxyiTdrFWaQlIYpRq7vsKz1UxayYxbs", "created_at": "2023-07-10T06:14:10.549Z", "expires_at": "2023-07-11T06:14:10Z"}}, {"model": "token_blacklist.outstandingtoken", "pk": 19, "fields": {"user": 8, "jti": "26a9f69f18404abd9d18b1667fa1c4c1", "token": "eyJ0eXAiOiJKV1QiLCJhbGciOiJIUzI1NiJ9.eyJ0b2tlbl90eXBlIjoicmVmcmVzaCIsImV4cCI6MTY4OTA1NjEwOCwiaWF0IjoxNjg4OTY5NzA4LCJqdGkiOiIyNmE5ZjY5ZjE4NDA0YWJkOWQxOGIxNjY3ZmExYzRjMSIsInVzZXJfaWQiOjh9.9qw4tdPqt32brbzHUA4rYvn5rsTKnyo47rawz4qaPrU", "created_at": "2023-07-10T06:15:08.902Z", "expires_at": "2023-07-11T06:15:08Z"}}, {"model": "token_blacklist.outstandingtoken", "pk": 20, "fields": {"user": 8, "jti": "feb32331dcc44005b4f8f119c5ca02c1", "token": "eyJ0eXAiOiJKV1QiLCJhbGciOiJIUzI1NiJ9.eyJ0b2tlbl90eXBlIjoicmVmcmVzaCIsImV4cCI6MTY4OTA1NjEwOCwiaWF0IjoxNjg4OTY5NzA4LCJqdGkiOiJmZWIzMjMzMWRjYzQ0MDA1YjRmOGYxMTljNWNhMDJjMSIsInVzZXJfaWQiOjh9.emDDaf0ETH4qX-nrR0dgAqWbtIc0gPbC6nSlkcFuU24", "created_at": "2023-07-10T06:15:08.912Z", "expires_at": "2023-07-11T06:15:08Z"}}, {"model": "token_blacklist.outstandingtoken", "pk": 21, "fields": {"user": 1, "jti": "407b8802805d4f7d9a2a47c26c69c635", "token": "eyJ0eXAiOiJKV1QiLCJhbGciOiJIUzI1NiJ9.eyJ0b2tlbl90eXBlIjoicmVmcmVzaCIsImV4cCI6MTY4OTA1NjE5NywiaWF0IjoxNjg4OTY5Nzk3LCJqdGkiOiI0MDdiODgwMjgwNWQ0ZjdkOWEyYTQ3YzI2YzY5YzYzNSIsInVzZXJfaWQiOjF9.-oM-vNXD_iUOgI84R1WHZruCUUpZuQT0xXtJm-27jm8", "created_at": "2023-07-10T06:16:37.429Z", "expires_at": "2023-07-11T06:16:37Z"}}, {"model": "token_blacklist.outstandingtoken", "pk": 22, "fields": {"user": 1, "jti": "3891920e4e6b4dd39105dfcd6d8b144e", "token": "eyJ0eXAiOiJKV1QiLCJhbGciOiJIUzI1NiJ9.eyJ0b2tlbl90eXBlIjoicmVmcmVzaCIsImV4cCI6MTY4OTA1NjE5NywiaWF0IjoxNjg4OTY5Nzk3LCJqdGkiOiIzODkxOTIwZTRlNmI0ZGQzOTEwNWRmY2Q2ZDhiMTQ0ZSIsInVzZXJfaWQiOjF9.BLzBtX9K2nMfe6JGVRBJpG0aWffLg1zy5YarMRd4Yyw", "created_at": "2023-07-10T06:16:37.429Z", "expires_at": "2023-07-11T06:16:37Z"}}, {"model": "token_blacklist.outstandingtoken", "pk": 23, "fields": {"user": 8, "jti": "2aeacce531184d4891b391f0fb11e716", "token": "eyJ0eXAiOiJKV1QiLCJhbGciOiJIUzI1NiJ9.eyJ0b2tlbl90eXBlIjoicmVmcmVzaCIsImV4cCI6MTY4OTA1NjI5OSwiaWF0IjoxNjg4OTY5ODk5LCJqdGkiOiIyYWVhY2NlNTMxMTg0ZDQ4OTFiMzkxZjBmYjExZTcxNiIsInVzZXJfaWQiOjh9.HmCpZABEqojuIQXRIRKesZGCFekFzBaWMvFUDrflVa4", "created_at": "2023-07-10T06:18:19.798Z", "expires_at": "2023-07-11T06:18:19Z"}}, {"model": "token_blacklist.outstandingtoken", "pk": 24, "fields": {"user": 8, "jti": "b8380685008041eabef5ea7e8c710a3c", "token": "eyJ0eXAiOiJKV1QiLCJhbGciOiJIUzI1NiJ9.eyJ0b2tlbl90eXBlIjoicmVmcmVzaCIsImV4cCI6MTY4OTA1NjI5OSwiaWF0IjoxNjg4OTY5ODk5LCJqdGkiOiJiODM4MDY4NTAwODA0MWVhYmVmNWVhN2U4YzcxMGEzYyIsInVzZXJfaWQiOjh9.ILg6wixNZsI67AhUaHlWTF9O6gnqUaivP0c6sp6m1e4", "created_at": "2023-07-10T06:18:19.815Z", "expires_at": "2023-07-11T06:18:19Z"}}, {"model": "token_blacklist.outstandingtoken", "pk": 25, "fields": {"user": 10, "jti": "e7f504c5994b4d728906172ed1841391", "token": "eyJ0eXAiOiJKV1QiLCJhbGciOiJIUzI1NiJ9.eyJ0b2tlbl90eXBlIjoicmVmcmVzaCIsImV4cCI6MTY4OTA1NjM2NSwiaWF0IjoxNjg4OTY5OTY1LCJqdGkiOiJlN2Y1MDRjNTk5NGI0ZDcyODkwNjE3MmVkMTg0MTM5MSIsInVzZXJfaWQiOjEwfQ.wEWBNkKYFkr-Lp5x44nstW-0WXItmJaOt2DTtKXMSz0", "created_at": "2023-07-10T06:19:25.459Z", "expires_at": "2023-07-11T06:19:25Z"}}, {"model": "token_blacklist.outstandingtoken", "pk": 26, "fields": {"user": 10, "jti": "85e822ecc1f5471ab0921fa8b5e9fe7c", "token": "eyJ0eXAiOiJKV1QiLCJhbGciOiJIUzI1NiJ9.eyJ0b2tlbl90eXBlIjoicmVmcmVzaCIsImV4cCI6MTY4OTA1NjM2NSwiaWF0IjoxNjg4OTY5OTY1LCJqdGkiOiI4NWU4MjJlY2MxZjU0NzFhYjA5MjFmYThiNWU5ZmU3YyIsInVzZXJfaWQiOjEwfQ.QYRFgAA4Ms54U8U3m2R8iMWsm6fI_MNXm7aH4ksQojI", "created_at": "2023-07-10T06:19:25.476Z", "expires_at": "2023-07-11T06:19:25Z"}}, {"model": "token_blacklist.outstandingtoken", "pk": 27, "fields": {"user": 3, "jti": "54c929e62481484b9d9a527065a44239", "token": "eyJ0eXAiOiJKV1QiLCJhbGciOiJIUzI1NiJ9.eyJ0b2tlbl90eXBlIjoicmVmcmVzaCIsImV4cCI6MTY4OTA1NjQxNywiaWF0IjoxNjg4OTcwMDE3LCJqdGkiOiI1NGM5MjllNjI0ODE0ODRiOWQ5YTUyNzA2NWE0NDIzOSIsInVzZXJfaWQiOjN9.eam2BpRRk-Hiqsva_SM0hUJooV5HDSY3n00E7DmQBh0", "created_at": "2023-07-10T06:20:17.111Z", "expires_at": "2023-07-11T06:20:17Z"}}, {"model": "token_blacklist.outstandingtoken", "pk": 28, "fields": {"user": 3, "jti": "ca7e03427a4d4a36b4e3bb2b4bccdfdc", "token": "eyJ0eXAiOiJKV1QiLCJhbGciOiJIUzI1NiJ9.eyJ0b2tlbl90eXBlIjoicmVmcmVzaCIsImV4cCI6MTY4OTA1NjQxNywiaWF0IjoxNjg4OTcwMDE3LCJqdGkiOiJjYTdlMDM0MjdhNGQ0YTM2YjRlM2JiMmI0YmNjZGZkYyIsInVzZXJfaWQiOjN9.hPuqajM3M3T2d_Jx1SCsRQsdiOnZz-H-_3j8WUfRwHQ", "created_at": "2023-07-10T06:20:17.128Z", "expires_at": "2023-07-11T06:20:17Z"}}, {"model": "token_blacklist.outstandingtoken", "pk": 29, "fields": {"user": 7, "jti": "2932a030e0e84422bf63068cf65061ff", "token": "eyJ0eXAiOiJKV1QiLCJhbGciOiJIUzI1NiJ9.eyJ0b2tlbl90eXBlIjoicmVmcmVzaCIsImV4cCI6MTY4OTA1NjQ4MywiaWF0IjoxNjg4OTcwMDgzLCJqdGkiOiIyOTMyYTAzMGUwZTg0NDIyYmY2MzA2OGNmNjUwNjFmZiIsInVzZXJfaWQiOjd9.uPm5w3HutuWpGAxrYVxqOJbd9p4Ls5WULuCaOM-gNHE", "created_at": "2023-07-10T06:21:23.158Z", "expires_at": "2023-07-11T06:21:23Z"}}, {"model": "token_blacklist.outstandingtoken", "pk": 30, "fields": {"user": 7, "jti": "b7bca6cec12540c19430ebc6e1a2e4df", "token": "eyJ0eXAiOiJKV1QiLCJhbGciOiJIUzI1NiJ9.eyJ0b2tlbl90eXBlIjoicmVmcmVzaCIsImV4cCI6MTY4OTA1NjQ4MywiaWF0IjoxNjg4OTcwMDgzLCJqdGkiOiJiN2JjYTZjZWMxMjU0MGMxOTQzMGViYzZlMWEyZTRkZiIsInVzZXJfaWQiOjd9.Os9lgnFVgB8IyfEUU-LsK_RLAp8AWf_Afjezb2e1SU4", "created_at": "2023-07-10T06:21:23.175Z", "expires_at": "2023-07-11T06:21:23Z"}}, {"model": "token_blacklist.outstandingtoken", "pk": 31, "fields": {"user": 9, "jti": "545f5687ad294e4e9650005691ca47f1", "token": "eyJ0eXAiOiJKV1QiLCJhbGciOiJIUzI1NiJ9.eyJ0b2tlbl90eXBlIjoicmVmcmVzaCIsImV4cCI6MTY4OTA1OTcxNiwiaWF0IjoxNjg4OTczMzE2LCJqdGkiOiI1NDVmNTY4N2FkMjk0ZTRlOTY1MDAwNTY5MWNhNDdmMSIsInVzZXJfaWQiOjl9.96l0ujWKYCaS9JRim66MZpwSCu52BoNkuQ6aCprDaW0", "created_at": "2023-07-10T07:15:16.805Z", "expires_at": "2023-07-11T07:15:16Z"}}, {"model": "token_blacklist.outstandingtoken", "pk": 32, "fields": {"user": 9, "jti": "a52c06597a5948a0981d72445bf828c3", "token": "eyJ0eXAiOiJKV1QiLCJhbGciOiJIUzI1NiJ9.eyJ0b2tlbl90eXBlIjoicmVmcmVzaCIsImV4cCI6MTY4OTA1OTcxNiwiaWF0IjoxNjg4OTczMzE2LCJqdGkiOiJhNTJjMDY1OTdhNTk0OGEwOTgxZDcyNDQ1YmY4MjhjMyIsInVzZXJfaWQiOjl9.BEztLhaVwSzb0kYekmE1n1ACHwwUZgwmwNQIYBDheyE", "created_at": "2023-07-10T07:15:16.821Z", "expires_at": "2023-07-11T07:15:16Z"}}, {"model": "token_blacklist.outstandingtoken", "pk": 33, "fields": {"user": 2, "jti": "d05f758a55cb46dfbfe8404db1aceca7", "token": "eyJ0eXAiOiJKV1QiLCJhbGciOiJIUzI1NiJ9.eyJ0b2tlbl90eXBlIjoicmVmcmVzaCIsImV4cCI6MTY4OTA1OTc3MywiaWF0IjoxNjg4OTczMzczLCJqdGkiOiJkMDVmNzU4YTU1Y2I0NmRmYmZlODQwNGRiMWFjZWNhNyIsInVzZXJfaWQiOjJ9.KLHnKc0wij3BmBQpDMVx1OJRUuFWa3ok-taL8Ut3n-0", "created_at": "2023-07-10T07:16:13.764Z", "expires_at": "2023-07-11T07:16:13Z"}}, {"model": "token_blacklist.outstandingtoken", "pk": 34, "fields": {"user": 2, "jti": "cfeae0ffd1694ccdbd18b55d8ed70add", "token": "eyJ0eXAiOiJKV1QiLCJhbGciOiJIUzI1NiJ9.eyJ0b2tlbl90eXBlIjoicmVmcmVzaCIsImV4cCI6MTY4OTA1OTc3MywiaWF0IjoxNjg4OTczMzczLCJqdGkiOiJjZmVhZTBmZmQxNjk0Y2NkYmQxOGI1NWQ4ZWQ3MGFkZCIsInVzZXJfaWQiOjJ9.QqnB9V6-Y4FhjliyoK-VnUGm6WrUvMcyXpb9OvtXVRs", "created_at": "2023-07-10T07:16:13.788Z", "expires_at": "2023-07-11T07:16:13Z"}}, {"model": "token_blacklist.outstandingtoken", "pk": 35, "fields": {"user": 5, "jti": "861e87eeb30c43c9a714f0630fad6d8d", "token": "eyJ0eXAiOiJKV1QiLCJhbGciOiJIUzI1NiJ9.eyJ0b2tlbl90eXBlIjoicmVmcmVzaCIsImV4cCI6MTY4OTA1OTg0MSwiaWF0IjoxNjg4OTczNDQxLCJqdGkiOiI4NjFlODdlZWIzMGM0M2M5YTcxNGYwNjMwZmFkNmQ4ZCIsInVzZXJfaWQiOjV9.lUXnXsqG1SJxY82g1oNUG2pSZjI-Z1HYpQiHMds0_o8", "created_at": "2023-07-10T07:17:21.603Z", "expires_at": "2023-07-11T07:17:21Z"}}, {"model": "token_blacklist.outstandingtoken", "pk": 36, "fields": {"user": 5, "jti": "67e990bc9bd3476b9e8573d97aed8731", "token": "eyJ0eXAiOiJKV1QiLCJhbGciOiJIUzI1NiJ9.eyJ0b2tlbl90eXBlIjoicmVmcmVzaCIsImV4cCI6MTY4OTA1OTg0MSwiaWF0IjoxNjg4OTczNDQxLCJqdGkiOiI2N2U5OTBiYzliZDM0NzZiOWU4NTczZDk3YWVkODczMSIsInVzZXJfaWQiOjV9.j_PJEexQV5zAppQGx2PacvqZh-b00xKZpE0H9kj31Js", "created_at": "2023-07-10T07:17:21.616Z", "expires_at": "2023-07-11T07:17:21Z"}}, {"model": "token_blacklist.outstandingtoken", "pk": 37, "fields": {"user": 6, "jti": "1c1026fdf9124f19bb38365e7c924b24", "token": "eyJ0eXAiOiJKV1QiLCJhbGciOiJIUzI1NiJ9.eyJ0b2tlbl90eXBlIjoicmVmcmVzaCIsImV4cCI6MTY4OTA1OTkxMywiaWF0IjoxNjg4OTczNTEzLCJqdGkiOiIxYzEwMjZmZGY5MTI0ZjE5YmIzODM2NWU3YzkyNGIyNCIsInVzZXJfaWQiOjZ9.nXC8kqTqKCKGgz_Z89McGJCP-sPq1mukgPDxS8Kb8Dk", "created_at": "2023-07-10T07:18:33.009Z", "expires_at": "2023-07-11T07:18:33Z"}}, {"model": "token_blacklist.outstandingtoken", "pk": 38, "fields": {"user": 6, "jti": "10d267bb48064a46b13c830e2d51c630", "token": "eyJ0eXAiOiJKV1QiLCJhbGciOiJIUzI1NiJ9.eyJ0b2tlbl90eXBlIjoicmVmcmVzaCIsImV4cCI6MTY4OTA1OTkxMywiaWF0IjoxNjg4OTczNTEzLCJqdGkiOiIxMGQyNjdiYjQ4MDY0YTQ2YjEzYzgzMGUyZDUxYzYzMCIsInVzZXJfaWQiOjZ9.-18hh6A9k1LMhnwatb6eQElMj0cAoKHU2n4PZvVf57o", "created_at": "2023-07-10T07:18:33.048Z", "expires_at": "2023-07-11T07:18:33Z"}}, {"model": "token_blacklist.outstandingtoken", "pk": 39, "fields": {"user": 1, "jti": "df7ce38c9c6b4fd2bfa7acdeec623f42", "token": "eyJ0eXAiOiJKV1QiLCJhbGciOiJIUzI1NiJ9.eyJ0b2tlbl90eXBlIjoicmVmcmVzaCIsImV4cCI6MTY4OTA1OTk5NiwiaWF0IjoxNjg4OTczNTk2LCJqdGkiOiJkZjdjZTM4YzljNmI0ZmQyYmZhN2FjZGVlYzYyM2Y0MiIsInVzZXJfaWQiOjF9.CNVw3pUA-x3rGp4PRhXD07JaUMkYS0axNrlLOba5xjw", "created_at": "2023-07-10T07:19:56.598Z", "expires_at": "2023-07-11T07:19:56Z"}}, {"model": "token_blacklist.outstandingtoken", "pk": 40, "fields": {"user": 1, "jti": "d61393f421c444ba8cd6f246d48eeb43", "token": "eyJ0eXAiOiJKV1QiLCJhbGciOiJIUzI1NiJ9.eyJ0b2tlbl90eXBlIjoicmVmcmVzaCIsImV4cCI6MTY4OTA1OTk5NiwiaWF0IjoxNjg4OTczNTk2LCJqdGkiOiJkNjEzOTNmNDIxYzQ0NGJhOGNkNmYyNDZkNDhlZWI0MyIsInVzZXJfaWQiOjF9.Z8XIL-xDFDYa7ri01jTfqwv8c1hJ6rJZG2YbR8RMXMI", "created_at": "2023-07-10T07:19:56.614Z", "expires_at": "2023-07-11T07:19:56Z"}}, {"model": "token_blacklist.outstandingtoken", "pk": 41, "fields": {"user": 4, "jti": "f118dc56f01648c08985bed3da3d47c2", "token": "eyJ0eXAiOiJKV1QiLCJhbGciOiJIUzI1NiJ9.eyJ0b2tlbl90eXBlIjoicmVmcmVzaCIsImV4cCI6MTY4OTA2MDE3NywiaWF0IjoxNjg4OTczNzc3LCJqdGkiOiJmMTE4ZGM1NmYwMTY0OGMwODk4NWJlZDNkYTNkNDdjMiIsInVzZXJfaWQiOjR9.8iIwd0VJqxffmWOT0CNL3Ao8WU6bvgRdixWjMql7ozE", "created_at": "2023-07-10T07:22:57.852Z", "expires_at": "2023-07-11T07:22:57Z"}}, {"model": "token_blacklist.outstandingtoken", "pk": 42, "fields": {"user": 4, "jti": "cb6fbf5b9d0644919dd2d3a7aaaa5dca", "token": "eyJ0eXAiOiJKV1QiLCJhbGciOiJIUzI1NiJ9.eyJ0b2tlbl90eXBlIjoicmVmcmVzaCIsImV4cCI6MTY4OTA2MDE3NywiaWF0IjoxNjg4OTczNzc3LCJqdGkiOiJjYjZmYmY1YjlkMDY0NDkxOWRkMmQzYTdhYWFhNWRjYSIsInVzZXJfaWQiOjR9.07rI_FpO9XBGHfjZ6PL15fgSduxSbo52KnHg6WvimI4", "created_at": "2023-07-10T07:22:57.895Z", "expires_at": "2023-07-11T07:22:57Z"}}, {"model": "token_blacklist.outstandingtoken", "pk": 43, "fields": {"user": 5, "jti": "9635e62aa49f4c7eaa647a9ff4b17194", "token": "eyJ0eXAiOiJKV1QiLCJhbGciOiJIUzI1NiJ9.eyJ0b2tlbl90eXBlIjoicmVmcmVzaCIsImV4cCI6MTY4OTA2MDg4MiwiaWF0IjoxNjg4OTc0NDgyLCJqdGkiOiI5NjM1ZTYyYWE0OWY0YzdlYWE2NDdhOWZmNGIxNzE5NCIsInVzZXJfaWQiOjV9.FZMeSaboyXHMMHtDp5F7TcByw56RkJ2vOWV1cc5GqoY", "created_at": "2023-07-10T07:34:42.059Z", "expires_at": "2023-07-11T07:34:42Z"}}, {"model": "token_blacklist.outstandingtoken", "pk": 44, "fields": {"user": 5, "jti": "d2945cc3fc0443d3a341bfa7b8b8fb39", "token": "eyJ0eXAiOiJKV1QiLCJhbGciOiJIUzI1NiJ9.eyJ0b2tlbl90eXBlIjoicmVmcmVzaCIsImV4cCI6MTY4OTA2MDg4MiwiaWF0IjoxNjg4OTc0NDgyLCJqdGkiOiJkMjk0NWNjM2ZjMDQ0M2QzYTM0MWJmYTdiOGI4ZmIzOSIsInVzZXJfaWQiOjV9.6p8en1xqNdp0XIOC04EnmiwAxJYDRBr6gqdisUgJfUo", "created_at": "2023-07-10T07:34:42.085Z", "expires_at": "2023-07-11T07:34:42Z"}}, {"model": "token_blacklist.outstandingtoken", "pk": 45, "fields": {"user": 9, "jti": "5e56c17c3b9a495491923471fd53b97e", "token": "eyJ0eXAiOiJKV1QiLCJhbGciOiJIUzI1NiJ9.eyJ0b2tlbl90eXBlIjoicmVmcmVzaCIsImV4cCI6MTY4OTA2MDg5OCwiaWF0IjoxNjg4OTc0NDk4LCJqdGkiOiI1ZTU2YzE3YzNiOWE0OTU0OTE5MjM0NzFmZDUzYjk3ZSIsInVzZXJfaWQiOjl9.9IgFYv8WmuJKSWNYxxxxraFYedVJVh4s25hxZqrWIhY", "created_at": "2023-07-10T07:34:58.975Z", "expires_at": "2023-07-11T07:34:58Z"}}, {"model": "token_blacklist.outstandingtoken", "pk": 46, "fields": {"user": 9, "jti": "7246bd6e2ddd4258923afb9d52fbb2bb", "token": "eyJ0eXAiOiJKV1QiLCJhbGciOiJIUzI1NiJ9.eyJ0b2tlbl90eXBlIjoicmVmcmVzaCIsImV4cCI6MTY4OTA2MDg5OCwiaWF0IjoxNjg4OTc0NDk4LCJqdGkiOiI3MjQ2YmQ2ZTJkZGQ0MjU4OTIzYWZiOWQ1MmZiYjJiYiIsInVzZXJfaWQiOjl9.HItASspf0Z1FoOObD-EEi5s_p5VkN_suIcHcz-EfkR0", "created_at": "2023-07-10T07:34:58.994Z", "expires_at": "2023-07-11T07:34:58Z"}}, {"model": "token_blacklist.outstandingtoken", "pk": 47, "fields": {"user": 6, "jti": "0212037216144ea1a728a196f544bf34", "token": "eyJ0eXAiOiJKV1QiLCJhbGciOiJIUzI1NiJ9.eyJ0b2tlbl90eXBlIjoicmVmcmVzaCIsImV4cCI6MTY4OTA2MTc3MSwiaWF0IjoxNjg4OTc1MzcxLCJqdGkiOiIwMjEyMDM3MjE2MTQ0ZWExYTcyOGExOTZmNTQ0YmYzNCIsInVzZXJfaWQiOjZ9.un5sfGW4VtuWNe8kN1YMtVeqla5CqYFW-yJy_emB-OE", "created_at": "2023-07-10T07:49:31.483Z", "expires_at": "2023-07-11T07:49:31Z"}}, {"model": "token_blacklist.outstandingtoken", "pk": 48, "fields": {"user": 6, "jti": "261fffdff365412d831854b4ca4f32d6", "token": "eyJ0eXAiOiJKV1QiLCJhbGciOiJIUzI1NiJ9.eyJ0b2tlbl90eXBlIjoicmVmcmVzaCIsImV4cCI6MTY4OTA2MTc3MSwiaWF0IjoxNjg4OTc1MzcxLCJqdGkiOiIyNjFmZmZkZmYzNjU0MTJkODMxODU0YjRjYTRmMzJkNiIsInVzZXJfaWQiOjZ9.rvHLQ4WqjuQXFQ2Z9BQV2npj1CxxEJAA9Gr_qgGoK80", "created_at": "2023-07-10T07:49:31.505Z", "expires_at": "2023-07-11T07:49:31Z"}}, {"model": "token_blacklist.outstandingtoken", "pk": 49, "fields": {"user": 10, "jti": "fd0ef415c0e948b3afdfc89348d800d7", "token": "eyJ0eXAiOiJKV1QiLCJhbGciOiJIUzI1NiJ9.eyJ0b2tlbl90eXBlIjoicmVmcmVzaCIsImV4cCI6MTY4OTA2MTc5MywiaWF0IjoxNjg4OTc1MzkzLCJqdGkiOiJmZDBlZjQxNWMwZTk0OGIzYWZkZmM4OTM0OGQ4MDBkNyIsInVzZXJfaWQiOjEwfQ.Ot7f3jiv1RZLEVXSs7WSval-QO6GUYMQwec_OQEUbJQ", "created_at": "2023-07-10T07:49:53.722Z", "expires_at": "2023-07-11T07:49:53Z"}}, {"model": "token_blacklist.outstandingtoken", "pk": 50, "fields": {"user": 10, "jti": "a60570266a234c1e8a429f439b19242d", "token": "eyJ0eXAiOiJKV1QiLCJhbGciOiJIUzI1NiJ9.eyJ0b2tlbl90eXBlIjoicmVmcmVzaCIsImV4cCI6MTY4OTA2MTc5MywiaWF0IjoxNjg4OTc1MzkzLCJqdGkiOiJhNjA1NzAyNjZhMjM0YzFlOGE0MjlmNDM5YjE5MjQyZCIsInVzZXJfaWQiOjEwfQ.RRXJ9Z3atuj8Lr7aud_aPxdLfSdzJyl3ETaUwkXYBSk", "created_at": "2023-07-10T07:49:53.746Z", "expires_at": "2023-07-11T07:49:53Z"}}, {"model": "token_blacklist.outstandingtoken", "pk": 51, "fields": {"user": 8, "jti": "62dbf60ff24d4c3ca625d64be2a58485", "token": "eyJ0eXAiOiJKV1QiLCJhbGciOiJIUzI1NiJ9.eyJ0b2tlbl90eXBlIjoicmVmcmVzaCIsImV4cCI6MTY4OTA2MTg0MywiaWF0IjoxNjg4OTc1NDQzLCJqdGkiOiI2MmRiZjYwZmYyNGQ0YzNjYTYyNWQ2NGJlMmE1ODQ4NSIsInVzZXJfaWQiOjh9.n8KautXdp4sdCNp5rOlgYF0ZmltDbXe2-hKlEZeE2Z0", "created_at": "2023-07-10T07:50:43.868Z", "expires_at": "2023-07-11T07:50:43Z"}}, {"model": "token_blacklist.outstandingtoken", "pk": 52, "fields": {"user": 8, "jti": "95206251527b49e69e87b216237e9e37", "token": "eyJ0eXAiOiJKV1QiLCJhbGciOiJIUzI1NiJ9.eyJ0b2tlbl90eXBlIjoicmVmcmVzaCIsImV4cCI6MTY4OTA2MTg0MywiaWF0IjoxNjg4OTc1NDQzLCJqdGkiOiI5NTIwNjI1MTUyN2I0OWU2OWU4N2IyMTYyMzdlOWUzNyIsInVzZXJfaWQiOjh9.P-hZTlmVKX3qrpCru7J560E5yfMgaNlNFqQPYn3b05c", "created_at": "2023-07-10T07:50:43.898Z", "expires_at": "2023-07-11T07:50:43Z"}}, {"model": "token_blacklist.outstandingtoken", "pk": 53, "fields": {"user": 3, "jti": "03b8335adee44648a68398ac5e43c38d", "token": "eyJ0eXAiOiJKV1QiLCJhbGciOiJIUzI1NiJ9.eyJ0b2tlbl90eXBlIjoicmVmcmVzaCIsImV4cCI6MTY4OTA2MTk5NywiaWF0IjoxNjg4OTc1NTk3LCJqdGkiOiIwM2I4MzM1YWRlZTQ0NjQ4YTY4Mzk4YWM1ZTQzYzM4ZCIsInVzZXJfaWQiOjN9.3amyqRnTy7GLF0TyGeThif_btXHkTNHcojKqHHvYLrY", "created_at": "2023-07-10T07:53:17.176Z", "expires_at": "2023-07-11T07:53:17Z"}}, {"model": "token_blacklist.outstandingtoken", "pk": 54, "fields": {"user": 3, "jti": "a8f277b1818f47e69152c95e8e7de2a4", "token": "eyJ0eXAiOiJKV1QiLCJhbGciOiJIUzI1NiJ9.eyJ0b2tlbl90eXBlIjoicmVmcmVzaCIsImV4cCI6MTY4OTA2MTk5NywiaWF0IjoxNjg4OTc1NTk3LCJqdGkiOiJhOGYyNzdiMTgxOGY0N2U2OTE1MmM5NWU4ZTdkZTJhNCIsInVzZXJfaWQiOjN9.b3ZVziQyAZq9nO30dRGMlUxRxtQMDrbH15PB-bJLU1k", "created_at": "2023-07-10T07:53:17.194Z", "expires_at": "2023-07-11T07:53:17Z"}}, {"model": "token_blacklist.outstandingtoken", "pk": 55, "fields": {"user": 7, "jti": "2ab2542babb542279809b91df238b636", "token": "eyJ0eXAiOiJKV1QiLCJhbGciOiJIUzI1NiJ9.eyJ0b2tlbl90eXBlIjoicmVmcmVzaCIsImV4cCI6MTY4OTA2Mjg4MiwiaWF0IjoxNjg4OTc2NDgyLCJqdGkiOiIyYWIyNTQyYmFiYjU0MjI3OTgwOWI5MWRmMjM4YjYzNiIsInVzZXJfaWQiOjd9.YZRZMs-P3J65cWLPMmM-x72A7hOmIgVYYd9Ij5Oln4o", "created_at": "2023-07-10T08:08:02.731Z", "expires_at": "2023-07-11T08:08:02Z"}}, {"model": "token_blacklist.outstandingtoken", "pk": 56, "fields": {"user": 7, "jti": "33d6db19ddd94a909020b0e58c8df145", "token": "eyJ0eXAiOiJKV1QiLCJhbGciOiJIUzI1NiJ9.eyJ0b2tlbl90eXBlIjoicmVmcmVzaCIsImV4cCI6MTY4OTA2Mjg4MiwiaWF0IjoxNjg4OTc2NDgyLCJqdGkiOiIzM2Q2ZGIxOWRkZDk0YTkwOTAyMGIwZTU4YzhkZjE0NSIsInVzZXJfaWQiOjd9.QGPSz0qU12S8yfoC_k9BPpxgFa8_zoH8qIw2GDRCkDE", "created_at": "2023-07-10T08:08:02.743Z", "expires_at": "2023-07-11T08:08:02Z"}}, {"model": "token_blacklist.blacklistedtoken", "pk": 1, "fields": {"token": 1, "blacklisted_at": "2023-07-10T05:05:12.039Z"}}, {"model": "token_blacklist.blacklistedtoken", "pk": 2, "fields": {"token": 3, "blacklisted_at": "2023-07-10T05:23:32.724Z"}}, {"model": "token_blacklist.blacklistedtoken", "pk": 3, "fields": {"token": 5, "blacklisted_at": "2023-07-10T05:38:16.332Z"}}, {"model": "token_blacklist.blacklistedtoken", "pk": 4, "fields": {"token": 7, "blacklisted_at": "2023-07-10T05:53:02.542Z"}}, {"model": "token_blacklist.blacklistedtoken", "pk": 5, "fields": {"token": 9, "blacklisted_at": "2023-07-10T05:54:42.098Z"}}, {"model": "token_blacklist.blacklistedtoken", "pk": 6, "fields": {"token": 11, "blacklisted_at": "2023-07-10T06:10:05.204Z"}}, {"model": "token_blacklist.blacklistedtoken", "pk": 7, "fields": {"token": 13, "blacklisted_at": "2023-07-10T06:11:46.007Z"}}, {"model": "token_blacklist.blacklistedtoken", "pk": 8, "fields": {"token": 15, "blacklisted_at": "2023-07-10T06:13:59.654Z"}}, {"model": "token_blacklist.blacklistedtoken", "pk": 9, "fields": {"token": 17, "blacklisted_at": "2023-07-10T06:15:03.588Z"}}, {"model": "token_blacklist.blacklistedtoken", "pk": 10, "fields": {"token": 19, "blacklisted_at": "2023-07-10T06:16:28.311Z"}}, {"model": "token_blacklist.blacklistedtoken", "pk": 11, "fields": {"token": 21, "blacklisted_at": "2023-07-10T06:18:13.741Z"}}, {"model": "token_blacklist.blacklistedtoken", "pk": 12, "fields": {"token": 23, "blacklisted_at": "2023-07-10T06:19:19.324Z"}}, {"model": "token_blacklist.blacklistedtoken", "pk": 13, "fields": {"token": 25, "blacklisted_at": "2023-07-10T06:20:06.078Z"}}, {"model": "token_blacklist.blacklistedtoken", "pk": 14, "fields": {"token": 27, "blacklisted_at": "2023-07-10T06:21:17.107Z"}}, {"model": "token_blacklist.blacklistedtoken", "pk": 15, "fields": {"token": 29, "blacklisted_at": "2023-07-10T07:10:41.161Z"}}, {"model": "token_blacklist.blacklistedtoken", "pk": 16, "fields": {"token": 31, "blacklisted_at": "2023-07-10T07:15:54.983Z"}}, {"model": "token_blacklist.blacklistedtoken", "pk": 17, "fields": {"token": 33, "blacklisted_at": "2023-07-10T07:17:13.132Z"}}, {"model": "token_blacklist.blacklistedtoken", "pk": 18, "fields": {"token": 35, "blacklisted_at": "2023-07-10T07:18:22.189Z"}}, {"model": "token_blacklist.blacklistedtoken", "pk": 19, "fields": {"token": 37, "blacklisted_at": "2023-07-10T07:19:41.829Z"}}, {"model": "token_blacklist.blacklistedtoken", "pk": 20, "fields": {"token": 39, "blacklisted_at": "2023-07-10T07:22:46.487Z"}}, {"model": "token_blacklist.blacklistedtoken", "pk": 21, "fields": {"token": 41, "blacklisted_at": "2023-07-10T07:34:29.399Z"}}, {"model": "token_blacklist.blacklistedtoken", "pk": 22, "fields": {"token": 43, "blacklisted_at": "2023-07-10T07:34:47.033Z"}}, {"model": "token_blacklist.blacklistedtoken", "pk": 23, "fields": {"token": 45, "blacklisted_at": "2023-07-10T07:35:43.627Z"}}, {"model": "token_blacklist.blacklistedtoken", "pk": 24, "fields": {"token": 47, "blacklisted_at": "2023-07-10T07:49:40.550Z"}}, {"model": "token_blacklist.blacklistedtoken", "pk": 25, "fields": {"token": 49, "blacklisted_at": "2023-07-10T07:50:35.496Z"}}, {"model": "token_blacklist.blacklistedtoken", "pk": 26, "fields": {"token": 51, "blacklisted_at": "2023-07-10T07:53:12.665Z"}}, {"model": "token_blacklist.blacklistedtoken", "pk": 27, "fields": {"token": 53, "blacklisted_at": "2023-07-10T08:07:53.010Z"}}]